"TABLE_NAME"	"INDEX_NAME"	"INDEX_TYPE"	"UNIQUENESS"	"STATUS"	"VISIBILITY"	"PARTITIONED"	"COLUMN_POSITION"	"COLUMN_NAME"	"DESCEND"	"COLUMN_EXPRESSION"	"BLEVEL"	"LEAF_BLOCKS"	"DISTINCT_KEYS"	"AVG_LEAF_BLOCKS_PER_KEY"	"AVG_DATA_BLOCKS_PER_KEY"	"CLUSTERING_FACTOR"	"NUM_ROWS"	"SAMPLE_SIZE"	"LAST_ANALYZED"
"ARCHIVED_SPL"	"IX_ARCHIVEDSPL_CRTLOADNUM"	"NORMAL"	"NONUNIQUE"	"VALID"	"VISIBLE"	"NO"	1	"CREATED_LOAD_NUM"	"ASC"	""	2	1179	678	1	497	337360	496558	496558	22-NOV-25
"ARCHIVED_SPL"	"IX_ARCHIVEDSPL_GUID"	"NORMAL"	"NONUNIQUE"	"VALID"	"VISIBLE"	"NO"	1	"GUID"	"ASC"	""	2	4465	496558	1	1	487368	496558	496558	22-NOV-25
"ARCHIVED_SPL"	"IX_ARCHIVEDSPL_LOADNUM"	"NORMAL"	"NONUNIQUE"	"VALID"	"VISIBLE"	"NO"	1	"ARCHIVED_LOAD_NUM"	"ASC"	""	2	1115	494	2	74	36703	496558	496558	22-NOV-25
"ARCHIVED_SPL"	"IX_ARCHIVEDSPL_MD5"	"NORMAL"	"NONUNIQUE"	"VALID"	"VISIBLE"	"NO"	1	"SPL_MD5"	"ASC"	""	2	5059	487616	1	1	496541	496558	496558	22-NOV-25
"ARCHIVED_SPL"	"IX_ARCHIVEDSPL_SETID"	"NORMAL"	"NONUNIQUE"	"VALID"	"VISIBLE"	"NO"	1	"SET_ID"	"ASC"	""	2	5256	177808	1	2	494406	496558	496558	22-NOV-25
"ARCHIVED_SPL"	"PK_ARCHIVED_SPL"	"NORMAL"	"UNIQUE"	"VALID"	"VISIBLE"	"NO"	1	"ID"	"ASC"	""	2	1149	496558	1	1	458120	496558	496558	22-NOV-25
"ARCHIVED_SPL_ANN"	"IX_ARCHSPLANN_SPLID"	"NORMAL"	"NONUNIQUE"	"VALID"	"VISIBLE"	"NO"	1	"SPL_ID"	"ASC"	""	0	0	0	0	0	0	0	0	13-OCT-22
"ARCHIVED_SPL_ANN"	"PK_ARCHSPLANN"	"NORMAL"	"UNIQUE"	"VALID"	"VISIBLE"	"NO"	1	"ID"	"ASC"	""	0	0	0	0	0	0	0	0	13-OCT-22
"ARCHIVED_SPL_ATT"	"IX_ARCHSPLATT_SPLIDLNUM"	"NORMAL"	"NONUNIQUE"	"VALID"	"VISIBLE"	"NO"	1	"SPL_ID"	"ASC"	""	2	4249	500896	1	1	506655	1710414	1710414	29-NOV-25
"ARCHIVED_SPL_ATT"	"PK_ARCHSPLATT"	"NORMAL"	"UNIQUE"	"VALID"	"VISIBLE"	"NO"	1	"SPL_ID"	"ASC"	""	2	10488	1710414	1	1	539890	1710414	1710414	29-NOV-25
"ARCHIVED_SPL_ATT"	"PK_ARCHSPLATT"	"NORMAL"	"UNIQUE"	"VALID"	"VISIBLE"	"NO"	2	"NAME"	"ASC"	""	2	10488	1710414	1	1	539890	1710414	1710414	29-NOV-25
"ARCHIVED_SPL_HTML"	"PK_ARCHSPLHTML"	"NORMAL"	"UNIQUE"	"VALID"	"VISIBLE"	"NO"	1	"SPL_ID"	"ASC"	""	1	603	227810	1	1	209275	227810	227810	13-OCT-22
"ARCHIVED_SPL_HTML"	"PK_ARCHSPLHTML"	"NORMAL"	"UNIQUE"	"VALID"	"VISIBLE"	"NO"	2	"SEC_NUM"	"ASC"	""	1	603	227810	1	1	209275	227810	227810	13-OCT-22
"ARCHIVED_SPL_TAG"	"PK_ARCHSPLTAG"	"NORMAL"	"UNIQUE"	"VALID"	"VISIBLE"	"NO"	1	"SPL_ID"	"ASC"	""	0	0	0	0	0	0	0	0	13-OCT-22
"ARCHIVED_SPL_TAG"	"PK_ARCHSPLTAG"	"NORMAL"	"UNIQUE"	"VALID"	"VISIBLE"	"NO"	2	"OWNER"	"ASC"	""	0	0	0	0	0	0	0	0	13-OCT-22
"ARCHIVED_SPL_TAG"	"PK_ARCHSPLTAG"	"NORMAL"	"UNIQUE"	"VALID"	"VISIBLE"	"NO"	3	"TAG"	"ASC"	""	0	0	0	0	0	0	0	0	13-OCT-22
"CODING_AUTHORITY"	"PK_CODAUTH"	"NORMAL"	"UNIQUE"	"VALID"	"VISIBLE"	"NO"	1	"ID"	"ASC"	""	0	1	2	1	1	1	2	2	13-OCT-22
"CODING_AUTHORITY"	"UN_CODAUTH_NAMEDT"	"NORMAL"	"UNIQUE"	"VALID"	"VISIBLE"	"NO"	1	"NAME"	"ASC"	""	0	1	2	1	1	1	2	2	13-OCT-22
"CODING_AUTHORITY"	"UN_CODAUTH_NAMEDT"	"NORMAL"	"UNIQUE"	"VALID"	"VISIBLE"	"NO"	2	"SOURCE_DATE"	"ASC"	""	0	1	2	1	1	1	2	2	13-OCT-22
"DEA_SCHEDULE"	"PK_DEASCHEDULE"	"NORMAL"	"UNIQUE"	"VALID"	"VISIBLE"	"NO"	1	"NCI_THESAURUS_CODE"	"ASC"	""	0	1	5	1	1	1	5	5	06-JUN-24
"DGV_MEDRT_CONCEPT_SPL_COUNT"	"DGVMEDRTCONCSPLCOUNT_PK"	"NORMAL"	"UNIQUE"	"VALID"	"VISIBLE"	"NO"	1	"NUI"	"ASC"	""	0	0	0	0	0	0	0	0	13-OCT-22
"DGV_PHARMA_SPL_COUNT"	"DGV_PHARMA_SPL_COUNT_PK"	"NORMAL"	"UNIQUE"	"VALID"	"VISIBLE"	"NO"	1	"NUI"	"ASC"	""	1	12	1454	1	1	1320	1454	1454	02-AUG-26
"DGV_PHARMA_SPL_COUNT"	"DGV_PHARMA_SPL_COUNT_PK"	"NORMAL"	"UNIQUE"	"VALID"	"VISIBLE"	"NO"	2	"NAME"	"ASC"	""	1	12	1454	1	1	1320	1454	1454	02-AUG-26
"DGV_PROD_APPR"	"IDX_DGV_PROD_APPR_PRODUCT_ID"	"NORMAL"	"NONUNIQUE"	"VALID"	"VISIBLE"	"NO"	1	"PRODUCT_ID"	"ASC"	""	2	863	198144	1	1	32259	199426	199426	25-JUL-26
"DGV_PROD_APPR"	"IDX_DGV_PROD_APPR_SPL_ID"	"NORMAL"	"NONUNIQUE"	"VALID"	"VISIBLE"	"NO"	1	"SPL_ID"	"ASC"	""	2	804	159040	1	1	30983	199426	199426	25-JUL-26
"DGV_PROD_DEAPOLICY"	"IDX_DGV_PROD_DEAPOLICY_PRO_ID"	"NORMAL"	"NONUNIQUE"	"VALID"	"VISIBLE"	"NO"	1	"PRODUCT_ID"	"ASC"	""	1	45	7508	1	1	1099	7508	7508	04-JUL-26
"DGV_PROD_DEAPOLICY"	"IDX_DGV_PROD_DEAPOLICY_SPL_ID"	"NORMAL"	"NONUNIQUE"	"VALID"	"VISIBLE"	"NO"	1	"SPL_ID"	"ASC"	""	1	36	4525	1	1	1026	7508	7508	04-JUL-26
"DGV_PROD_DENOM"	"IDX_DGV_PROD_DENOM_ID"	"NORMAL"	"NONUNIQUE"	"VALID"	"VISIBLE"	"NO"	1	"PRODUCT_ID"	"ASC"	""	1	59	26436	1	1	23078	26436	26436	13-OCT-22
"DGV_PROD_INGR"	"IDX_DGV_PRODINGR_ISACTIVE"	"BITMAP"	"NONUNIQUE"	"VALID"	"VISIBLE"	"NO"	1	"IS_ACTIVE"	"ASC"	""	1	195	2	97	5049	10099	10099	10099	27-JUN-26
"DGV_PROD_INGR"	"IDX_DGV_PRODINGR_UNII"	"NORMAL"	"NONUNIQUE"	"VALID"	"VISIBLE"	"NO"	1	"UNII"	"ASC"	""	2	9037	14351	1	113	1631913	2045258	2045258	27-JUN-26
"DGV_PROD_INGR"	"IDX_DGV_PROD_INGR_PRODID"	"NORMAL"	"NONUNIQUE"	"VALID"	"VISIBLE"	"NO"	1	"PRODUCT_ID"	"ASC"	""	2	9946	197536	1	1	250465	2045360	2045360	27-JUN-26
"DGV_PROD_INGR"	"IDX_DGV_PROD_INGR_SPLID"	"NORMAL"	"NONUNIQUE"	"VALID"	"VISIBLE"	"NO"	1	"SPL_ID"	"ASC"	""	2	9704	158800	1	1	234287	2045360	2045360	27-JUN-26
"DGV_PROD_INGR_TMP"	"IDX_DGV_PROD_INGR_TMP_PRO_ID"	"NORMAL"	"NONUNIQUE"	"VALID"	"VISIBLE"	"NO"	1	"PRODUCT_ID"	"ASC"	""	1	452	99554	1	1	182569	203343	203343	13-OCT-22
"DGV_PROD_INGR_TMP"	"IDX_DGV_PROD_INGR_TMP_SPL_ID"	"NORMAL"	"NONUNIQUE"	"VALID"	"VISIBLE"	"NO"	1	"SPL_ID"	"ASC"	""	1	452	75291	1	2	173191	203343	203343	13-OCT-22
"DGV_PROD_MKT_ACT"	"IDX_DGV_PROD_MKT_ACT_PRO_ID"	"NORMAL"	"NONUNIQUE"	"VALID"	"VISIBLE"	"NO"	1	"PRODUCT_ID"	"ASC"	""	2	871	197936	1	1	28366	199306	199306	25-JUL-26
"DGV_PROD_MKT_ACT"	"IDX_DGV_PROD_MKT_ACT_SPL_ID"	"NORMAL"	"NONUNIQUE"	"VALID"	"VISIBLE"	"NO"	1	"SPL_ID"	"ASC"	""	2	804	159024	1	1	27199	199306	199306	25-JUL-26
"DGV_PROD_ROUTE"	"IDX_DGV_PROD_ROUTE_PRODID"	"NORMAL"	"NONUNIQUE"	"VALID"	"VISIBLE"	"NO"	1	"PRODUCT_ID"	"ASC"	""	2	943	198464	1	1	36994	213421	213421	25-JUL-26
"DGV_PROD_ROUTE"	"IDX_DGV_PROD_ROUTE_SPLID"	"NORMAL"	"NONUNIQUE"	"VALID"	"VISIBLE"	"NO"	1	"SPL_ID"	"ASC"	""	2	857	159136	1	1	28448	213421	213421	25-JUL-26
"DGV_ROUTE_OF_ADMIN_COUNT"	"DGV_ROUTE_OF_ADMIN_COUNT_PK"	"NORMAL"	"UNIQUE"	"VALID"	"VISIBLE"	"NO"	1	"NCI_THESAURUS_CODE"	"ASC"	""	0	1	81	1	1	1	81	81	02-AUG-26
"DGV_SPL_PROD"	"IDX_DGV_SPL_PROD_FORM"	"NORMAL"	"NONUNIQUE"	"VALID"	"VISIBLE"	"NO"	1	"NCIT_FORM_CODE"	"ASC"	""	2	711	141	5	1191	168051	198912	198912	27-JUN-26
"DGV_SPL_PROD"	"IDX_DGV_SPL_PROD_ID"	"NORMAL"	"NONUNIQUE"	"VALID"	"VISIBLE"	"NO"	1	"ID"	"ASC"	""	2	793	197776	1	1	159597	199184	199184	27-JUN-26
"DGV_SPL_PROD"	"IDX_DGV_SPL_PROD_NDC"	"NORMAL"	"NONUNIQUE"	"VALID"	"VISIBLE"	"NO"	1	"NDC_CODE"	"ASC"	""	2	867	195776	1	1	188208	199003	199003	27-JUN-26
"DGV_SPL_PROD"	"IDX_DGV_SPL_PROD_SPLID"	"NORMAL"	"NONUNIQUE"	"VALID"	"VISIBLE"	"NO"	1	"SPL_ID"	"ASC"	""	2	829	158896	1	1	160318	199184	199184	27-JUN-26
"DGV_SPL_TITLE"	"SPL_TITLE_INDEX"	"FUNCTION-BASED DOMAIN"	"NONUNIQUE"	"VALID"	"VISIBLE"	"NO"	1	"SYS_NC00004$"	"ASC"	"SYS_MAKEXML(0,""SYS_NC00003$"")"									25-JUL-26
"DGV_SUM_RX_SPL"	"DGV_SUM_RX_FORMAT_GROUP"	"NORMAL"	"NONUNIQUE"	"VALID"	"VISIBLE"	"NO"	1	"FORMAT_GROUP"	"ASC"	""	2	804	3	268	5559	16677	154516	154516	06-AUG-26
"DGV_SUM_RX_SPL"	"DGV_SUM_RX_LOINC_CODE"	"NORMAL"	"NONUNIQUE"	"VALID"	"VISIBLE"	"NO"	1	"DOCUMENT_TYPE_LOINC_CODE"	"ASC"	""	2	1075	9	119	1887	16991	154516	154516	06-AUG-26
"DGV_SUM_RX_SPL"	"DGV_SUM_RX_SET_ID"	"NORMAL"	"NONUNIQUE"	"VALID"	"VISIBLE"	"NO"	1	"SET_ID"	"ASC"	""	2	2450	154516	1	1	144899	154516	154516	06-AUG-26
"DGV_SUM_RX_SPL"	"DGV_SUM_RX_SPL_ID"	"NORMAL"	"NONUNIQUE"	"VALID"	"VISIBLE"	"NO"	1	"SPL_ID"	"ASC"	""	2	1517	154496	1	1	53764	154516	154516	06-AUG-26
"DGV_SUM_SPL"	"DGV_SUM_SPL_ID"	"NORMAL"	"NONUNIQUE"	"VALID"	"VISIBLE"	"NO"	1	"SPL_ID"	"ASC"	""	2	1505	159696	1	1	14735	160178	160178	02-AUG-26
"DGV_SUM_SPL"	"DGV_SUM_SPL_SETID"	"NORMAL"	"NONUNIQUE"	"VALID"	"VISIBLE"	"NO"	1	"SET_ID"	"ASC"	""	2	2535	160178	1	1	149173	160178	160178	02-AUG-26
"DGV_SUM_SPL_ACT_INGR_NAME"	"DGV_SUM_SPL_ACT_INGR_N_ID"	"NORMAL"	"NONUNIQUE"	"VALID"	"VISIBLE"	"NO"	1	"SPL_ID"	"ASC"	""	2	2675	159312	1	1	257300	306017	306017	02-AUG-26
"DGV_SUM_SPL_ACT_INGR_UNII"	"DGV_SUM_SPL_ACT_INGR_UNII_ID"	"NORMAL"	"NONUNIQUE"	"VALID"	"VISIBLE"	"NO"	1	"SPL_ID"	"ASC"	""	2	2666	159312	1	1	230716	306005	306005	02-AUG-26
"DGV_SUM_SPL_DOSAGEFORM"	"DGV_SUM_SPL_DOSAGEFORM_ID"	"NORMAL"	"NONUNIQUE"	"VALID"	"VISIBLE"	"NO"	1	"SPL_ID"	"ASC"	""	2	1456	159376	1	1	146195	160700	160700	02-AUG-26
"DGV_SUM_SPL_EPC"	"DGV_SUM_SPL_EPC_ID"	"NORMAL"	"NONUNIQUE"	"VALID"	"VISIBLE"	"NO"	1	"SPL_ID"	"ASC"	""	2	1525	159696	1	1	42428	160178	160178	02-AUG-26
"DGV_SUM_SPL_MKT_ACT"	"DGV_SUM_SPL_MKT_ACT_ID"	"NORMAL"	"NONUNIQUE"	"VALID"	"VISIBLE"	"NO"	1	"SPL_ID"	"ASC"	""	2	1527	159248	1	1	145694	164816	164816	02-AUG-26
"DGV_SUM_SPL_MKT_CAT"	"DGV_SUM_SPL_MKT_CAT_ID"	"NORMAL"	"NONUNIQUE"	"VALID"	"VISIBLE"	"NO"	1	"SPL_ID"	"ASC"	""	2	1473	159264	1	1	141972	159772	159772	02-AUG-26
"DGV_SUM_SPL_NDC"	"DGV_SUM_SPL_NDC_ID"	"NORMAL"	"NONUNIQUE"	"VALID"	"VISIBLE"	"NO"	1	"SPL_ID"	"ASC"	""	2	1925	159488	1	1	173605	200015	200015	02-AUG-26
"DGV_SUM_SPL_PROD"	"DGV_SUM_SPL_PROD_OLD_ID"	"NORMAL"	"NONUNIQUE"	"VALID"	"VISIBLE"	"NO"	1	"SPL_ID"	"ASC"	""	2	1517	159264	1	1	122161	165060	165060	02-AUG-26
"DGV_SUM_SPL_PRODNAME"	"DGV_SUM_SPL_PRODNAME_ID"	"NORMAL"	"NONUNIQUE"	"VALID"	"VISIBLE"	"NO"	1	"SPL_ID"	"ASC"	""	2	1537	159536	1	1	149651	168231	168231	02-AUG-26
"DGV_SUM_SPL_PROD_ACT_INGR_UNII"	"DGV_SUM_SPL_PROD_ACT_INGR_U_ID"	"NORMAL"	"NONUNIQUE"	"VALID"	"VISIBLE"	"NO"	1	"SPL_ID"	"ASC"	""	2	2722	159200	1	1	264891	311520	311520	02-AUG-26
"DGV_SUM_SPL_PROD_ACT_INGR_UNII"	"DGV_SUM_SPL_PROD_ACT_INGR_U_U"	"NORMAL"	"NONUNIQUE"	"VALID"	"VISIBLE"	"NO"	1	"UNII"	"ASC"	""	2	2980	8141	1	31	259157	311520	311520	02-AUG-26
"DGV_SUM_SPL_PROD_MKT_ACT"	"DGV_SUM_SPL_PROD_MKT_ACT_ID"	"NORMAL"	"NONUNIQUE"	"VALID"	"VISIBLE"	"NO"	1	"SPL_ID"	"ASC"	""	2	1558	158976	1	1	159077	169899	169899	02-AUG-26
"DGV_SUM_SPL_PROD_MKT_ACT"	"DGV_SUM_SPL_PROD_MKT_ACT_M"	"NORMAL"	"NONUNIQUE"	"VALID"	"VISIBLE"	"NO"	1	"MARKETING_ACT"	"ASC"	""	2	1554	14099	1	10	149842	169899	169899	02-AUG-26
"DGV_SUM_SPL_PROD_NDC"	"DGV_SUM_SPL_PROD_ID"	"NORMAL"	"NONUNIQUE"	"VALID"	"VISIBLE"	"NO"	1	"SPL_ID"	"ASC"	""	2	1921	159248	1	1	176402	199750	199750	02-AUG-26
"DGV_SUM_SPL_PROD_NDC"	"DGV_SUM_SPL_PROD_NDC"	"NORMAL"	"NONUNIQUE"	"VALID"	"VISIBLE"	"NO"	1	"NDC_CODE"	"ASC"	""	2	1518	196784	1	1	193534	199750	199750	02-AUG-26
"DGV_SUM_SPL_ROUTE"	"DGV_SUM_SPL_ROUTE_ID"	"NORMAL"	"NONUNIQUE"	"VALID"	"VISIBLE"	"NO"	1	"SPL_ID"	"ASC"	""	2	1503	159360	1	1	146839	165063	165063	02-AUG-26
"DOCUMENT_TYPE"	"PK_DOCTYPE"	"NORMAL"	"UNIQUE"	"VALID"	"VISIBLE"	"NO"	1	"LOINC_CODE"	"ASC"	""	0	1	59	1	1	3	59	59	03-JAN-23
"DOSAGE_FORM"	"PK_DOSAGEFORM"	"NORMAL"	"UNIQUE"	"VALID"	"VISIBLE"	"NO"	1	"NCI_THESAURUS_CODE"	"ASC"	""	0	1	179	1	1	9	179	179	05-MAR-24
"DR$CTXIX_SPLSECHLT_XML$I"	"DR$CTXIX_SPLSECHLT_XML$X"	"NORMAL"	"NONUNIQUE"	"VALID"	"VISIBLE"	"NO"	1	"TOKEN_TEXT"	"ASC"	""	2	1667	332986	1	1	242017	332986	332986	06-JUN-24
"DR$CTXIX_SPLSECHLT_XML$I"	"DR$CTXIX_SPLSECHLT_XML$X"	"NORMAL"	"NONUNIQUE"	"VALID"	"VISIBLE"	"NO"	2	"TOKEN_TYPE"	"ASC"	""	2	1667	332986	1	1	242017	332986	332986	06-JUN-24
"DR$CTXIX_SPLSECHLT_XML$I"	"DR$CTXIX_SPLSECHLT_XML$X"	"NORMAL"	"NONUNIQUE"	"VALID"	"VISIBLE"	"NO"	3	"TOKEN_FIRST"	"ASC"	""	2	1667	332986	1	1	242017	332986	332986	06-JUN-24
"DR$CTXIX_SPLSECHLT_XML$I"	"DR$CTXIX_SPLSECHLT_XML$X"	"NORMAL"	"NONUNIQUE"	"VALID"	"VISIBLE"	"NO"	4	"TOKEN_LAST"	"ASC"	""	2	1667	332986	1	1	242017	332986	332986	06-JUN-24
"DR$CTXIX_SPLSECHLT_XML$I"	"DR$CTXIX_SPLSECHLT_XML$X"	"NORMAL"	"NONUNIQUE"	"VALID"	"VISIBLE"	"NO"	5	"TOKEN_COUNT"	"ASC"	""	2	1667	332986	1	1	242017	332986	332986	06-JUN-24
"DR$CTXIX_SPLSECHLT_XML$K"	"DR$CTXIX_SPLSECHLT_XML$KD"	"NORMAL"	"UNIQUE"	"VALID"	"VISIBLE"	"NO"	1	"DOCID"	"ASC"	""	2	688	190030	1	1	548	190030	190030	06-JUN-24
"DR$CTXIX_SPLSECHLT_XML$K"	"DR$CTXIX_SPLSECHLT_XML$KD"	"NORMAL"	"UNIQUE"	"VALID"	"VISIBLE"	"NO"	2	"TEXTKEY"	"ASC"	""	2	688	190030	1	1	548	190030	190030	06-JUN-24
"DR$CTXIX_SPLSECHLT_XML$K"	"DR$CTXIX_SPLSECHLT_XML$KR"	"NORMAL"	"UNIQUE"	"VALID"	"VISIBLE"	"NO"	1	"TEXTKEY"	"ASC"	""	2	688	190030	1	1	623	190030	190030	06-JUN-24
"DR$CTXIX_SPLSECHLT_XML$K"	"DR$CTXIX_SPLSECHLT_XML$KR"	"NORMAL"	"UNIQUE"	"VALID"	"VISIBLE"	"NO"	2	"DOCID"	"ASC"	""	2	688	190030	1	1	623	190030	190030	06-JUN-24
"DR$CTXIX_SPLSECHLT_XML$N"	"SYS_IOT_TOP_29654"	"IOT - TOP"	"UNIQUE"	"VALID"	"VISIBLE"	"NO"	1	"NLT_DOCID"	"ASC"	""									
"DR$CTXIX_SPLSECHLT_XML$U"	"SYS_C008956"	"NORMAL"	"UNIQUE"	"VALID"	"VISIBLE"	"NO"	1	"RID"	"ASC"	""									
"DR$CTXIX_SPLSEC_CONTENTXML$I"	"DR$CTXIX_SPLSEC_CONTENTXML$X"	"NORMAL"	"NONUNIQUE"	"VALID"	"VISIBLE"	"NO"	1	"TOKEN_TEXT"	"ASC"	""	2	94593	20980424	1	1	20556786	20980424	20980424	06-JUN-24
"DR$CTXIX_SPLSEC_CONTENTXML$I"	"DR$CTXIX_SPLSEC_CONTENTXML$X"	"NORMAL"	"NONUNIQUE"	"VALID"	"VISIBLE"	"NO"	2	"TOKEN_TYPE"	"ASC"	""	2	94593	20980424	1	1	20556786	20980424	20980424	06-JUN-24
"DR$CTXIX_SPLSEC_CONTENTXML$I"	"DR$CTXIX_SPLSEC_CONTENTXML$X"	"NORMAL"	"NONUNIQUE"	"VALID"	"VISIBLE"	"NO"	3	"TOKEN_FIRST"	"ASC"	""	2	94593	20980424	1	1	20556786	20980424	20980424	06-JUN-24
"DR$CTXIX_SPLSEC_CONTENTXML$I"	"DR$CTXIX_SPLSEC_CONTENTXML$X"	"NORMAL"	"NONUNIQUE"	"VALID"	"VISIBLE"	"NO"	4	"TOKEN_LAST"	"ASC"	""	2	94593	20980424	1	1	20556786	20980424	20980424	06-JUN-24
"DR$CTXIX_SPLSEC_CONTENTXML$I"	"DR$CTXIX_SPLSEC_CONTENTXML$X"	"NORMAL"	"NONUNIQUE"	"VALID"	"VISIBLE"	"NO"	5	"TOKEN_COUNT"	"ASC"	""	2	94593	20980424	1	1	20556786	20980424	20980424	06-JUN-24
"DR$CTXIX_SPLSEC_CONTENTXML$K"	"SYS_IOT_TOP_29623"	"IOT - TOP"	"UNIQUE"	"VALID"	"VISIBLE"	"NO"	1	"TEXTKEY"	"ASC"	""									
"DR$CTXIX_SPLSEC_CONTENTXML$N"	"SYS_IOT_TOP_29625"	"IOT - TOP"	"UNIQUE"	"VALID"	"VISIBLE"	"NO"	1	"NLT_DOCID"	"ASC"	""									
"DR$CTXIX_SPLSEC_CONTENTXML$R"	"DRC$CTXIX_SPLSEC_CONTENTXML$R"	"NORMAL"	"UNIQUE"	"VALID"	"VISIBLE"	"NO"	1	"ROW_NO"	"ASC"	""									
"DR$CTXIX_SPLSEC_CONTENTXML$U"	"SYS_C008937"	"NORMAL"	"UNIQUE"	"VALID"	"VISIBLE"	"NO"	1	"RID"	"ASC"	""									
"DR$CTXIX_SPL_SPLXML$I"	"DR$CTXIX_SPL_SPLXML$X"	"NORMAL"	"NONUNIQUE"	"VALID"	"VISIBLE"	"NO"	1	"TOKEN_TEXT"	"ASC"	""	2	83332	18664395	1	1	18379704	18664395	18664395	06-JUN-24
"DR$CTXIX_SPL_SPLXML$I"	"DR$CTXIX_SPL_SPLXML$X"	"NORMAL"	"NONUNIQUE"	"VALID"	"VISIBLE"	"NO"	2	"TOKEN_TYPE"	"ASC"	""	2	83332	18664395	1	1	18379704	18664395	18664395	06-JUN-24
"DR$CTXIX_SPL_SPLXML$I"	"DR$CTXIX_SPL_SPLXML$X"	"NORMAL"	"NONUNIQUE"	"VALID"	"VISIBLE"	"NO"	3	"TOKEN_FIRST"	"ASC"	""	2	83332	18664395	1	1	18379704	18664395	18664395	06-JUN-24
"DR$CTXIX_SPL_SPLXML$I"	"DR$CTXIX_SPL_SPLXML$X"	"NORMAL"	"NONUNIQUE"	"VALID"	"VISIBLE"	"NO"	4	"TOKEN_LAST"	"ASC"	""	2	83332	18664395	1	1	18379704	18664395	18664395	06-JUN-24
"DR$CTXIX_SPL_SPLXML$I"	"DR$CTXIX_SPL_SPLXML$X"	"NORMAL"	"NONUNIQUE"	"VALID"	"VISIBLE"	"NO"	5	"TOKEN_COUNT"	"ASC"	""	2	83332	18664395	1	1	18379704	18664395	18664395	06-JUN-24
"DR$CTXIX_SPL_SPLXML$K"	"SYS_IOT_TOP_29608"	"IOT - TOP"	"UNIQUE"	"VALID"	"VISIBLE"	"NO"	1	"TEXTKEY"	"ASC"	""									
"DR$CTXIX_SPL_SPLXML$N"	"SYS_IOT_TOP_29610"	"IOT - TOP"	"UNIQUE"	"VALID"	"VISIBLE"	"NO"	1	"NLT_DOCID"	"ASC"	""									
"DR$CTXIX_SPL_SPLXML$R"	"DRC$CTXIX_SPL_SPLXML$R"	"NORMAL"	"UNIQUE"	"VALID"	"VISIBLE"	"NO"	1	"ROW_NO"	"ASC"	""									
"DR$CTXIX_SPL_SPLXML$U"	"SYS_C008927"	"NORMAL"	"UNIQUE"	"VALID"	"VISIBLE"	"NO"	1	"RID"	"ASC"	""									
"DR$SPL_TITLE_INDEX$I"	"DR$SPL_TITLE_INDEX$X"	"NORMAL"	"NONUNIQUE"	"VALID"	"VISIBLE"	"NO"	1	"TOKEN_TEXT"	"ASC"	""	1	189	35144	1	1	1918	35144	35144	06-JUN-24
"DR$SPL_TITLE_INDEX$I"	"DR$SPL_TITLE_INDEX$X"	"NORMAL"	"NONUNIQUE"	"VALID"	"VISIBLE"	"NO"	2	"TOKEN_TYPE"	"ASC"	""	1	189	35144	1	1	1918	35144	35144	06-JUN-24
"DR$SPL_TITLE_INDEX$I"	"DR$SPL_TITLE_INDEX$X"	"NORMAL"	"NONUNIQUE"	"VALID"	"VISIBLE"	"NO"	3	"TOKEN_FIRST"	"ASC"	""	1	189	35144	1	1	1918	35144	35144	06-JUN-24
"DR$SPL_TITLE_INDEX$I"	"DR$SPL_TITLE_INDEX$X"	"NORMAL"	"NONUNIQUE"	"VALID"	"VISIBLE"	"NO"	4	"TOKEN_LAST"	"ASC"	""	1	189	35144	1	1	1918	35144	35144	06-JUN-24
"DR$SPL_TITLE_INDEX$I"	"DR$SPL_TITLE_INDEX$X"	"NORMAL"	"NONUNIQUE"	"VALID"	"VISIBLE"	"NO"	5	"TOKEN_COUNT"	"ASC"	""	1	189	35144	1	1	1918	35144	35144	06-JUN-24
"DR$SPL_TITLE_INDEX$K"	"SYS_IOT_TOP_29638"	"IOT - TOP"	"UNIQUE"	"VALID"	"VISIBLE"	"NO"	1	"TEXTKEY"	"ASC"	""									
"DR$SPL_TITLE_INDEX$N"	"SYS_IOT_TOP_29640"	"IOT - TOP"	"UNIQUE"	"VALID"	"VISIBLE"	"NO"	1	"NLT_DOCID"	"ASC"	""									
"DR$SPL_TITLE_INDEX$R"	"DRC$SPL_TITLE_INDEX$R"	"NORMAL"	"UNIQUE"	"VALID"	"VISIBLE"	"NO"	1	"ROW_NO"	"ASC"	""									
"DR$SPL_TITLE_INDEX$U"	"SYS_C008947"	"NORMAL"	"UNIQUE"	"VALID"	"VISIBLE"	"NO"	1	"RID"	"ASC"	""									
"DRUGSATFDA_PRODUCTS"	"IX_DAFP_APPNO"	"NORMAL"	"NONUNIQUE"	"VALID"	"VISIBLE"	"NO"	1	"APPL_NO"	"ASC"	""	1	91	23635	1	1	15567	40612	40612	13-OCT-22
"DRUGSATFDA_PRODUCTS"	"IX_DAFP_RL"	"BITMAP"	"NONUNIQUE"	"VALID"	"VISIBLE"	"NO"	1	"REFERENCE_STANDARD"	"ASC"	""	1	2	2	1	1	3	3	3	13-OCT-22
"DRUGSATFDA_PRODUCTS"	"IX_DAFP_RLD"	"BITMAP"	"NONUNIQUE"	"VALID"	"VISIBLE"	"NO"	1	"REFERENCE_DRUG"	"ASC"	""	1	2	3	1	1	4	4	4	13-OCT-22
"DRUGSATFDA_PRODUCTS"	"TABLE1_PK"	"NORMAL"	"UNIQUE"	"VALID"	"VISIBLE"	"NO"	1	"APPL_NO"	"ASC"	""	1	102	40612	1	1	15817	40612	40612	13-OCT-22
"DRUGSATFDA_PRODUCTS"	"TABLE1_PK"	"NORMAL"	"UNIQUE"	"VALID"	"VISIBLE"	"NO"	2	"PRODUCT_NO"	"ASC"	""	1	102	40612	1	1	15817	40612	40612	13-OCT-22
"INGR_NDFRT_CONCEPT"	"IX_INGRNDFRT_NUI"	"NORMAL"	"NONUNIQUE"	"VALID"	"VISIBLE"	"NO"	1	"NDFRT_NUI"	"ASC"	""	1	31	1137	1	3	3920	9567	9567	05-AUG-26
"INGR_NDFRT_CONCEPT"	"PK_INGRNDFRTCONCEPT"	"NORMAL"	"UNIQUE"	"VALID"	"VISIBLE"	"NO"	1	"INGR_UNII"	"ASC"	""	1	45	9567	1	1	44	9567	9567	05-AUG-26
"INGR_NDFRT_CONCEPT"	"PK_INGRNDFRTCONCEPT"	"NORMAL"	"UNIQUE"	"VALID"	"VISIBLE"	"NO"	2	"NDFRT_NUI"	"ASC"	""	1	45	9567	1	1	44	9567	9567	05-AUG-26
"LOAD"	"PK_LOAD"	"NORMAL"	"UNIQUE"	"VALID"	"VISIBLE"	"NO"	1	"LOAD_NUM"	"ASC"	""	1	2	732	1	1	303	732	732	16-MAY-26
"LOAD_MD5"	"PK_LOADMD5"	"NORMAL"	"UNIQUE"	"VALID"	"VISIBLE"	"NO"	1	"LOAD_NUM"	"ASC"	""	3	457435	66694661	1	1	66598228	66694661	66694661	10-JAN-26
"LOAD_MD5"	"PK_LOADMD5"	"NORMAL"	"UNIQUE"	"VALID"	"VISIBLE"	"NO"	2	"SPL_MD5"	"ASC"	""	3	457435	66694661	1	1	66598228	66694661	66694661	10-JAN-26
"LOAD_OPERATION"	"PK_MVIEWS_REFRESH"	"NORMAL"	"UNIQUE"	"VALID"	"VISIBLE"	"NO"	1	"DATETIME"	"ASC"	""	0	0	0	0	0	0	0	0	13-OCT-22
"LOAD_RECORD_COUNT"	"PK_LOADRCDCOUNT"	"NORMAL"	"UNIQUE"	"VALID"	"VISIBLE"	"NO"	1	"LOAD_NUM"	"ASC"	""	2	486	85132	1	1	35323	85132	85132	05-JUL-25
"LOAD_RECORD_COUNT"	"PK_LOADRCDCOUNT"	"NORMAL"	"UNIQUE"	"VALID"	"VISIBLE"	"NO"	2	"OBJECT_NAME"	"ASC"	""	2	486	85132	1	1	35323	85132	85132	05-JUL-25
"LOAD_RECORD_COUNT"	"PK_LOADRCDCOUNT"	"NORMAL"	"UNIQUE"	"VALID"	"VISIBLE"	"NO"	3	"COUNT_TYPE"	"ASC"	""	2	486	85132	1	1	35323	85132	85132	05-JUL-25
"MARKETING_CATEGORY"	"PK_MARKETINGCAT"	"NORMAL"	"UNIQUE"	"VALID"	"VISIBLE"	"NO"	1	"NCI_THESAURUS_CODE"	"ASC"	""	0	1	30	1	1	3	30	30	21-MAR-25
"MEDDRA_TERM_SPL_COUNT"	"IX_MTERMSPL_COUNT_ISPT"	"BITMAP"	"NONUNIQUE"	"VALID"	"VISIBLE"	"NO"	1	"IS_PT"	"ASC"	""	0	1	2	1	1	2	2	2	02-AUG-26
"MEDDRA_TERM_SPL_COUNT"	"PK_MTERMSPLCOUNT"	"NORMAL"	"UNIQUE"	"VALID"	"VISIBLE"	"NO"	1	"TERM"	"ASC"	""	1	81	14168	1	1	8674	14168	14168	02-AUG-26
"MEDDRA_TERM_SPL_COUNT"	"PK_MTERMSPLCOUNT"	"NORMAL"	"UNIQUE"	"VALID"	"VISIBLE"	"NO"	2	"ASSIGNED_BY"	"ASC"	""	1	81	14168	1	1	8674	14168	14168	02-AUG-26
"MEDRT_CONCEPT"	"MEDRTCONCEPT_TLVL_IX"	"BITMAP"	"NONUNIQUE"	"VALID"	"VISIBLE"	"NO"	1	"TLEVEL"	"ASC"	""	1	4	497	1	1	497	497	497	13-OCT-22
"MEDRT_CONCEPT"	"PHARM_CONCEPT_PK"	"NORMAL"	"UNIQUE"	"VALID"	"VISIBLE"	"NO"	1	"NUI"	"ASC"	""	1	140	45435	1	1	12405	45435	45435	13-OCT-22
"MEDRT_CONCEPT_SPL_COUNT"	"MEDRTCONCSPLCOUNT_PK"	"NORMAL"	"UNIQUE"	"VALID"	"VISIBLE"	"NO"	1	"NUI"	"ASC"	""	0	0	0	0	0	0	0	0	13-OCT-22
"NDFRT_CONCEPT"	"IX_NDFRTCONCEPT_CAT"	"BITMAP"	"NONUNIQUE"	"VALID"	"VISIBLE"	"NO"	1	"CAT"	"ASC"	""	0	1	4	1	1	4	4	4	05-AUG-26
"NDFRT_CONCEPT"	"IX_NDFRTCONCEPT_NAME"	"NORMAL"	"NONUNIQUE"	"VALID"	"VISIBLE"	"NO"	1	"NAME"	"ASC"	""	1	8	1155	1	1	1036	1155	1155	05-AUG-26
"NDFRT_CONCEPTINF"	"IDX_NDFRT_CON_CODE"	"NORMAL"	"NONUNIQUE"	"VALID"	"VISIBLE"	"NO"	1	"CODE"	"ASC"	""	1	131	45605	1	1	11103	45605	45605	13-OCT-22
"NDFRT_CONCEPTINF"	"IDX_NDFRT_CON_ID"	"NORMAL"	"NONUNIQUE"	"VALID"	"VISIBLE"	"NO"	1	"ID"	"ASC"	""	1	102	45605	1	1	1237	45605	45605	13-OCT-22
"NDFRT_CONCEPTINF"	"IDX_NDFRT_CON_NUI"	"NORMAL"	"NONUNIQUE"	"VALID"	"VISIBLE"	"NO"	1	"NUI"	"ASC"	""	1	147	45605	1	1	12461	45605	45605	13-OCT-22
"NDFRT_CONCEPT_PROPERTIES"	"IDX_NDFRT_PRO_ID"	"NORMAL"	"NONUNIQUE"	"VALID"	"VISIBLE"	"NO"	1	"CONCEPTID"	"ASC"	""	2	1043	45605	1	1	10420	470345	470345	13-OCT-22
"OB_PRODUCTS"	"OB_PRODUCTS_PK"	"NORMAL"	"UNIQUE"	"VALID"	"VISIBLE"	"NO"	1	"APPL_NO"	"ASC"	""	1	201	48381	1	1	33532	48381	48381	19-JUN-26
"OB_PRODUCTS"	"OB_PRODUCTS_PK"	"NORMAL"	"UNIQUE"	"VALID"	"VISIBLE"	"NO"	2	"PRODUCT_NO"	"ASC"	""	1	201	48381	1	1	33532	48381	48381	19-JUN-26
"OB_PRODUCTS"	"OB_PRODUCTS_PK"	"NORMAL"	"UNIQUE"	"VALID"	"VISIBLE"	"NO"	3	"TYPE"	"ASC"	""	1	201	48381	1	1	33532	48381	48381	19-JUN-26
"PHARMA_INDEX"	"IDX_PHARMA_IDX"	"NORMAL"	"NONUNIQUE"	"VALID"	"VISIBLE"	"NO"	1	"PHARMA_SETID"	"ASC"	""	1	174	2851	1	1	1488	11078	11078	02-AUG-26
"PHARMA_INDEX"	"IDX_PHARMA_NAME"	"NORMAL"	"NONUNIQUE"	"VALID"	"VISIBLE"	"NO"	1	"NAME"	"ASC"	""	2	196	1541	1	4	6179	11078	11078	02-AUG-26
"PHARMA_INDEX"	"IDX_PHARMA_NUI"	"NORMAL"	"NONUNIQUE"	"VALID"	"VISIBLE"	"NO"	1	"NUI"	"ASC"	""	1	104	1536	1	3	6136	11078	11078	02-AUG-26
"PHARMA_INDEX"	"PK_PHARMA_INDEX"	"NORMAL"	"UNIQUE"	"VALID"	"VISIBLE"	"NO"	1	"PHARMA_SETID"	"ASC"	""	1	158	11078	1	1	1706	11078	11078	02-AUG-26
"PHARMA_INDEX"	"PK_PHARMA_INDEX"	"NORMAL"	"UNIQUE"	"VALID"	"VISIBLE"	"NO"	2	"UNII"	"ASC"	""	1	158	11078	1	1	1706	11078	11078	02-AUG-26
"PHARMA_INDEX"	"PK_PHARMA_INDEX"	"NORMAL"	"UNIQUE"	"VALID"	"VISIBLE"	"NO"	3	"NUI"	"ASC"	""	1	158	11078	1	1	1706	11078	11078	02-AUG-26
"PHARMA_INDEX"	"PK_PHARMA_INDEX"	"NORMAL"	"UNIQUE"	"VALID"	"VISIBLE"	"NO"	4	"NAME"	"ASC"	""	1	158	11078	1	1	1706	11078	11078	02-AUG-26
"PHARMA_MAPPING"	"IDX_PHARM_MAP_SETID"	"NORMAL"	"NONUNIQUE"	"VALID"	"VISIBLE"	"NO"	1	"SPL_SETID"	"ASC"	""	2	1723	73296	1	1	1106	93901	93901	02-AUG-26
"PHARMA_MAPPING"	"IDX_PHAR_MAP_IDX"	"NORMAL"	"NONUNIQUE"	"VALID"	"VISIBLE"	"NO"	1	"PHARMA_SETID"	"ASC"	""	2	2188	2263	1	32	72895	93901	93901	02-AUG-26
"PHARMA_SPL_COUNT"	"PHARMA_SPL_COUNT_PK"	"NORMAL"	"UNIQUE"	"VALID"	"VISIBLE"	"NO"	1	"NUI"	"ASC"	""	1	12	1460	1	1	1327	1460	1460	02-AUG-26
"PHARMA_SPL_COUNT"	"PHARMA_SPL_COUNT_PK"	"NORMAL"	"UNIQUE"	"VALID"	"VISIBLE"	"NO"	2	"NAME"	"ASC"	""	1	12	1460	1	1	1327	1460	1460	02-AUG-26
"PHARM_INDEX"	"IDX_PHARM_IDX"	"NORMAL"	"NONUNIQUE"	"VALID"	"VISIBLE"	"NO"	1	"PHARMA_SETID"	"ASC"	""	1	67	2557	1	1	106	9916	9916	13-OCT-22
"PHARM_INDEX"	"IDX_PHARM_NUI"	"NORMAL"	"NONUNIQUE"	"VALID"	"VISIBLE"	"NO"	1	"NUI"	"ASC"	""	1	32	1238	1	4	5040	9916	9916	13-OCT-22
"PROD_APPR"	"IX_PRODAPPR_APPRNUM"	"NORMAL"	"NONUNIQUE"	"VALID"	"VISIBLE"	"NO"	1	"APPROVAL_NUM"	"ASC"	""	1	335	15561	1	3	56062	88262	88262	20-JUN-26
"PROD_APPR"	"IX_PRODAPPR_NCITCODE"	"BITMAP"	"NONUNIQUE"	"VALID"	"VISIBLE"	"NO"	1	"MARKETING_CAT_NCIT_CODE"	"ASC"	""	1	47	28	1	95	2666	2666	2666	20-JUN-26
"PROD_APPR"	"IX_PRODAPPR_NCITCODESPL"	"NORMAL"	"NONUNIQUE"	"VALID"	"VISIBLE"	"NO"	1	"MARKETING_CAT_NCIT_CODE"	"ASC"	""	2	1618	158711	1	1	37976	198339	198339	20-JUN-26
"PROD_APPR"	"IX_PRODAPPR_NCITCODESPL"	"NORMAL"	"NONUNIQUE"	"VALID"	"VISIBLE"	"NO"	2	"SPL_ID"	"ASC"	""	2	1618	158711	1	1	37976	198339	198339	20-JUN-26
"PROD_APPR"	"IX_PRODAPPR_PRODUCTID"	"NORMAL"	"NONUNIQUE"	"VALID"	"VISIBLE"	"NO"	1	"PRODUCT_ID"	"ASC"	""	2	879	198339	1	1	24808	198339	198339	20-JUN-26
"PROD_APPR"	"IX_PRODAPPR_SPLID"	"NORMAL"	"NONUNIQUE"	"VALID"	"VISIBLE"	"NO"	1	"SPL_ID"	"ASC"	""	2	787	158448	1	1	24189	198339	198339	20-JUN-26
"PROD_APPR"	"IX_PRODAPPR_SPLNCITCODE"	"NORMAL"	"NONUNIQUE"	"VALID"	"VISIBLE"	"NO"	1	"SPL_ID"	"ASC"	""	2	1137	158711	1	1	24195	198339	198339	20-JUN-26
"PROD_APPR"	"IX_PRODAPPR_SPLNCITCODE"	"NORMAL"	"NONUNIQUE"	"VALID"	"VISIBLE"	"NO"	2	"MARKETING_CAT_NCIT_CODE"	"ASC"	""	2	1137	158711	1	1	24195	198339	198339	20-JUN-26
"PROD_APPR"	"PK_PRODAPPR"	"NORMAL"	"UNIQUE"	"VALID"	"VISIBLE"	"NO"	1	"ID"	"ASC"	""	2	764	198339	1	1	19991	198339	198339	20-JUN-26
"PROD_DEA"	"IX_PRODDEA_NAME"	"BITMAP"	"NONUNIQUE"	"VALID"	"VISIBLE"	"NO"	1	"NCIT_DEA_NAME"	"ASC"	""	0	1	4	1	1	5	5	5	04-JUL-26
"PROD_DEA"	"IX_PRODDEA_SPLID"	"NORMAL"	"NONUNIQUE"	"VALID"	"VISIBLE"	"NO"	1	"SPL_ID"	"ASC"	""	1	36	4514	1	1	1009	7488	7488	04-JUL-26
"PROD_DEA"	"PK_PRODDEA"	"NORMAL"	"UNIQUE"	"VALID"	"VISIBLE"	"NO"	1	"PRODUCT_ID"	"ASC"	""	1	62	7488	1	1	1054	7488	7488	04-JUL-26
"PROD_DEA"	"PK_PRODDEA"	"NORMAL"	"UNIQUE"	"VALID"	"VISIBLE"	"NO"	2	"NCIT_DEA_CODE"	"ASC"	""	1	62	7488	1	1	1054	7488	7488	04-JUL-26
"PROD_GEN_NAME_COMP"	"IX_PRODGENNAMECOMP_GNCOMP"	"NORMAL"	"NONUNIQUE"	"VALID"	"VISIBLE"	"NO"	1	"GEN_NAME_COMP"	"ASC"	""	2	1674	25388	1	7	196893	319040	319040	27-JUN-26
"PROD_GEN_NAME_COMP"	"IX_PRODGENNAMECOMP_SPLID"	"NORMAL"	"NONUNIQUE"	"VALID"	"VISIBLE"	"NO"	1	"SPL_ID"	"ASC"	""	2	1261	158608	1	1	29088	319040	319040	27-JUN-26
"PROD_GEN_NAME_COMP"	"PK_PRODGENNAMECOMP"	"NORMAL"	"UNIQUE"	"VALID"	"VISIBLE"	"NO"	1	"PRODUCT_ID"	"ASC"	""	2	2668	319040	1	1	33463	319040	319040	27-JUN-26
"PROD_GEN_NAME_COMP"	"PK_PRODGENNAMECOMP"	"NORMAL"	"UNIQUE"	"VALID"	"VISIBLE"	"NO"	2	"GEN_NAME_COMP"	"ASC"	""	2	2668	319040	1	1	33463	319040	319040	27-JUN-26
"PROD_INGR"	"IX_PRODINGR_ACTMOES"	"FUNCTION-BASED DOMAIN"	"NONUNIQUE"	"VALID"	"VISIBLE"	"NO"	1	"SYS_NC00023$"	"ASC"	"SYS_MAKEXML(0,""SYS_NC00021$"")"									13-JUN-26
"PROD_INGR"	"IX_PRODINGR_GENMATKS"	"FUNCTION-BASED DOMAIN"	"NONUNIQUE"	"VALID"	"VISIBLE"	"NO"	1	"SYS_NC00024$"	"ASC"	"SYS_MAKEXML(0,""SYS_NC00019$"")"									13-JUN-26
"PROD_INGR"	"IX_PRODINGR_ISACTIVE"	"BITMAP"	"NONUNIQUE"	"VALID"	"VISIBLE"	"NO"	1	"IS_ACTIVE"	"ASC"	""	1	233	2	116	6292	12584	12584	12584	13-JUN-26
"PROD_INGR"	"IX_PRODINGR_PRODUCTID"	"NORMAL"	"NONUNIQUE"	"VALID"	"VISIBLE"	"NO"	1	"PRODUCT_ID"	"ASC"	""	2	10097	201088	1	1	246521	2038387	2038387	13-JUN-26
"PROD_INGR"	"IX_PRODINGR_SPLID"	"NORMAL"	"NONUNIQUE"	"VALID"	"VISIBLE"	"NO"	1	"SPL_ID"	"ASC"	""	2	9624	158144	1	1	229339	2038387	2038387	13-JUN-26
"PROD_INGR"	"IX_PRODINGR_SUBSNAME"	"NORMAL"	"NONUNIQUE"	"VALID"	"VISIBLE"	"NO"	1	"SUBSTANCE_NAME"	"ASC"	""	2	11899	22398	1	76	1708890	2038387	2038387	13-JUN-26
"PROD_INGR"	"IX_PRODINGR_UNII"	"NORMAL"	"NONUNIQUE"	"VALID"	"VISIBLE"	"NO"	1	"UNII"	"ASC"	""	2	8967	14334	1	117	1684634	2038285	2038285	13-JUN-26
"PROD_INGR"	"PK_PRODINGR"	"NORMAL"	"UNIQUE"	"VALID"	"VISIBLE"	"NO"	1	"ID"	"ASC"	""	2	8671	2038387	1	1	197837	2038387	2038387	13-JUN-26
"PROD_MKT_ACT"	"IX_PRODMKTACT_LOWDATE"	"NORMAL"	"NONUNIQUE"	"VALID"	"VISIBLE"	"NO"	1	"LOW_DATE"	"ASC"	""	2	702	9957	1	11	117876	199431	199431	05-AUG-26
"PROD_MKT_ACT"	"IX_PRODMKTACT_NCITCODE"	"BITMAP"	"NONUNIQUE"	"VALID"	"VISIBLE"	"NO"	1	"ACT_NCIT_CODE"	"ASC"	""	1	11	1	11	536	536	536	536	05-AUG-26
"PROD_MKT_ACT"	"IX_PRODMKTACT_NCITCODESPL"	"NORMAL"	"NONUNIQUE"	"VALID"	"VISIBLE"	"NO"	1	"ACT_NCIT_CODE"	"ASC"	""	2	1160	159712	1	1	20280	199431	199431	05-AUG-26
"PROD_MKT_ACT"	"IX_PRODMKTACT_NCITCODESPL"	"NORMAL"	"NONUNIQUE"	"VALID"	"VISIBLE"	"NO"	2	"SPL_ID"	"ASC"	""	2	1160	159712	1	1	20280	199431	199431	05-AUG-26
"PROD_MKT_ACT"	"IX_PRODMKTACT_PRODUCTID"	"NORMAL"	"UNIQUE"	"VALID"	"VISIBLE"	"NO"	1	"PRODUCT_ID"	"ASC"	""	2	846	199431	1	1	21122	199431	199431	05-AUG-26
"PROD_MKT_ACT"	"IX_PRODMKTACT_SPLID"	"NORMAL"	"NONUNIQUE"	"VALID"	"VISIBLE"	"NO"	1	"SPL_ID"	"ASC"	""	2	804	159248	1	1	20280	199431	199431	05-AUG-26
"PROD_MKT_ACT"	"IX_PRODMKTACT_SPLNCITCODE"	"NORMAL"	"NONUNIQUE"	"VALID"	"VISIBLE"	"NO"	1	"SPL_ID"	"ASC"	""	2	1160	159712	1	1	20280	199431	199431	05-AUG-26
"PROD_MKT_ACT"	"IX_PRODMKTACT_SPLNCITCODE"	"NORMAL"	"NONUNIQUE"	"VALID"	"VISIBLE"	"NO"	2	"ACT_NCIT_CODE"	"ASC"	""	2	1160	159712	1	1	20280	199431	199431	05-AUG-26
"PROD_MKT_ACT"	"PK_PRODMKTACT"	"NORMAL"	"UNIQUE"	"VALID"	"VISIBLE"	"NO"	1	"ID"	"ASC"	""	2	772	199431	1	1	18231	199431	199431	05-AUG-26
"PROD_ROUTE"	"IX_PRODRT_RCODE"	"BITMAP"	"NONUNIQUE"	"VALID"	"VISIBLE"	"NO"	1	"NCIT_ROUTE_OF_ADMIN_CODE"	"ASC"	""	1	36	82	1	16	1339	1339	1339	25-JUL-26
"PROD_ROUTE"	"IX_PRODRT_RCODEPRODID"	"NORMAL"	"NONUNIQUE"	"VALID"	"VISIBLE"	"NO"	1	"NCIT_ROUTE_OF_ADMIN_CODE"	"ASC"	""	2	1784	213419	1	1	34562	213419	213419	25-JUL-26
"PROD_ROUTE"	"IX_PRODRT_RCODEPRODID"	"NORMAL"	"NONUNIQUE"	"VALID"	"VISIBLE"	"NO"	2	"PRODUCT_ID"	"ASC"	""	2	1784	213419	1	1	34562	213419	213419	25-JUL-26
"PROD_ROUTE"	"IX_PRODRT_RCODESPLID"	"NORMAL"	"NONUNIQUE"	"VALID"	"VISIBLE"	"NO"	1	"NCIT_ROUTE_OF_ADMIN_CODE"	"ASC"	""	2	1736	164960	1	1	28687	213419	213419	25-JUL-26
"PROD_ROUTE"	"IX_PRODRT_RCODESPLID"	"NORMAL"	"NONUNIQUE"	"VALID"	"VISIBLE"	"NO"	2	"SPL_ID"	"ASC"	""	2	1736	164960	1	1	28687	213419	213419	25-JUL-26
"PROD_ROUTE"	"IX_PRODRT_SPLID"	"NORMAL"	"NONUNIQUE"	"VALID"	"VISIBLE"	"NO"	1	"SPL_ID"	"ASC"	""	2	871	159136	1	1	11852	213419	213419	25-JUL-26
"PROD_ROUTE"	"PK_PRODRT"	"NORMAL"	"UNIQUE"	"VALID"	"VISIBLE"	"NO"	1	"PRODUCT_ID"	"ASC"	""	2	1350	213419	1	1	17971	213419	213419	25-JUL-26
"PROD_ROUTE"	"PK_PRODRT"	"NORMAL"	"UNIQUE"	"VALID"	"VISIBLE"	"NO"	2	"NCIT_ROUTE_OF_ADMIN_CODE"	"ASC"	""	2	1350	213419	1	1	17971	213419	213419	25-JUL-26
"ROUTE_OF_ADMIN"	"PK_ROUTEOFADMIN"	"NORMAL"	"UNIQUE"	"VALID"	"VISIBLE"	"NO"	1	"NCI_THESAURUS_CODE"	"ASC"	""	0	1	128	1	1	3	128	128	13-OCT-22
"ROUTE_OF_ADMIN_COUNT"	"ROUTE_OF_ADMIN_COUNT_PK"	"NORMAL"	"UNIQUE"	"VALID"	"VISIBLE"	"NO"	1	"NCI_THESAURUS_CODE"	"ASC"	""	0	1	82	1	1	1	82	82	02-AUG-26
"SAVED_LABELS_SEARCH"	"PK_SAVEDSEARCH"	"NORMAL"	"UNIQUE"	"VALID"	"VISIBLE"	"NO"	1	"ID"	"ASC"	""	0	1	47	1	1	25	47	47	13-OCT-22
"SECTION_TYPE"	"PK_SECTYPE"	"NORMAL"	"UNIQUE"	"VALID"	"VISIBLE"	"NO"	1	"LOINC_CODE"	"ASC"	""	0	1	110	1	1	1	110	110	23-APR-24
"SPL"	"CTXIX_SPL_SPLXML"	"FUNCTION-BASED DOMAIN"	"NONUNIQUE"	"VALID"	"VISIBLE"	"NO"	1	"SYS_NC00018$"	"ASC"	"SYS_MAKEXML(0,""SYS_NC00005$"")"									04-JUL-26
"SPL"	"IX_SPL_DOCTYPECODE"	"BITMAP"	"NONUNIQUE"	"VALID"	"VISIBLE"	"NO"	1	"DOC_TYPE_LOINC_CODE"	"ASC"	""	1	28	33	1	54	1800	1800	1800	04-JUL-26
"SPL"	"IX_SPL_MD5"	"NORMAL"	"UNIQUE"	"VALID"	"VISIBLE"	"NO"	1	"SPL_MD5"	"ASC"	""	2	1330	159411	1	1	159400	159411	159411	04-JUL-26
"SPL"	"IX_SPL_NORMDORGID"	"NORMAL"	"NONUNIQUE"	"VALID"	"VISIBLE"	"NO"	1	"NORMD_ORG"	"ASC"	""	2	1597	159411	1	1	126953	159411	159411	04-JUL-26
"SPL"	"IX_SPL_NORMDORGID"	"NORMAL"	"NONUNIQUE"	"VALID"	"VISIBLE"	"NO"	2	"ID"	"ASC"	""	2	1597	159411	1	1	126953	159411	159411	04-JUL-26
"SPL"	"IX_SPL_SETID"	"NORMAL"	"UNIQUE"	"VALID"	"VISIBLE"	"NO"	1	"SET_ID"	"ASC"	""	2	1224	159411	1	1	150571	159411	159411	04-JUL-26
"SPL"	"IX_SPL_SPLXML"	"FUNCTION-BASED DOMAIN"	"NONUNIQUE"	"VALID"	"VISIBLE"	"NO"	1	"SYS_NC00018$"	"ASC"	"SYS_MAKEXML(0,""SYS_NC00005$"")"									04-JUL-26
"SPL"	"PK_SPL"	"NORMAL"	"UNIQUE"	"VALID"	"VISIBLE"	"NO"	1	"ID"	"ASC"	""	1	569	159411	1	1	77253	159411	159411	04-JUL-26
"SPL"	"UQ_SPL_DIRFILE"	"NORMAL"	"UNIQUE"	"VALID"	"VISIBLE"	"NO"	1	"ARCHIVE_DIR"	"ASC"	""	2	4561	159411	1	1	105222	159411	159411	04-JUL-26
"SPL"	"UQ_SPL_DIRFILE"	"NORMAL"	"UNIQUE"	"VALID"	"VISIBLE"	"NO"	2	"FILENAME"	"ASC"	""	2	4561	159411	1	1	105222	159411	159411	04-JUL-26
"SPL"	"UQ_SPL_GUID"	"NORMAL"	"UNIQUE"	"VALID"	"VISIBLE"	"NO"	1	"GUID"	"ASC"	""	2	1691	159411	1	1	148289	159411	159411	04-JUL-26
"SPL_ANN"	"IX_SPLANN_ISPUBLIC"	"BITMAP"	"NONUNIQUE"	"VALID"	"VISIBLE"	"NO"	1	"IS_PUBLIC"	"ASC"	""	0	0	0	0	0	0	0	0	13-OCT-22
"SPL_ANN"	"IX_SPLANN_SPLID"	"NORMAL"	"NONUNIQUE"	"VALID"	"VISIBLE"	"NO"	1	"SPL_ID"	"ASC"	""	0	0	0	0	0	0	0	0	13-OCT-22
"SPL_ANN"	"IX_SPLANN_USERNAME"	"BITMAP"	"NONUNIQUE"	"VALID"	"VISIBLE"	"NO"	1	"OWNER"	"ASC"	""	0	0	0	0	0	0	0	0	13-OCT-22
"SPL_ANN"	"PK_SPLANN"	"NORMAL"	"UNIQUE"	"VALID"	"VISIBLE"	"NO"	1	"ID"	"ASC"	""	0	0	0	0	0	0	0	0	13-OCT-22
"SPL_ANN"	"UQ_SPLANN_SPLOWNERTITLE"	"NORMAL"	"UNIQUE"	"VALID"	"VISIBLE"	"NO"	1	"SPL_ID"	"ASC"	""	0	0	0	0	0	0	0	0	13-OCT-22
"SPL_ANN"	"UQ_SPLANN_SPLOWNERTITLE"	"NORMAL"	"UNIQUE"	"VALID"	"VISIBLE"	"NO"	2	"OWNER"	"ASC"	""	0	0	0	0	0	0	0	0	13-OCT-22
"SPL_ANN"	"UQ_SPLANN_SPLOWNERTITLE"	"NORMAL"	"UNIQUE"	"VALID"	"VISIBLE"	"NO"	3	"TITLE"	"ASC"	""	0	0	0	0	0	0	0	0	13-OCT-22
"SPL_ATT"	"IX_SPLATT_SPLID"	"NORMAL"	"NONUNIQUE"	"VALID"	"VISIBLE"	"NO"	1	"SPL_ID"	"ASC"	""	2	2046	158864	1	1	73107	442756	442756	04-JUL-26
"SPL_ATT"	"PK_SPLATT"	"NORMAL"	"UNIQUE"	"VALID"	"VISIBLE"	"NO"	1	"SPL_ID"	"ASC"	""	2	4561	442756	1	1	71062	442756	442756	04-JUL-26
"SPL_ATT"	"PK_SPLATT"	"NORMAL"	"UNIQUE"	"VALID"	"VISIBLE"	"NO"	2	"NAME"	"ASC"	""	2	4561	442756	1	1	71062	442756	442756	04-JUL-26
"SPL_HTML"	"IX_SPLHTML_SECTYPECODE"	"BITMAP"	"NONUNIQUE"	"VALID"	"VISIBLE"	"NO"	1	"SEC_TYPE_CODE"	"ASC"	""	0	1	0	0	0	2	2	2	03-JAN-26
"SPL_HTML"	"PK_SPLHTML"	"NORMAL"	"UNIQUE"	"VALID"	"VISIBLE"	"NO"	1	"SPL_ID"	"ASC"	""	1	94	33872	1	1	6591	33872	33872	03-JAN-26
"SPL_HTML"	"PK_SPLHTML"	"NORMAL"	"UNIQUE"	"VALID"	"VISIBLE"	"NO"	2	"SEC_NUM"	"ASC"	""	1	94	33872	1	1	6591	33872	33872	03-JAN-26
"SPL_HTML"	"UN_SPLHTML_SPLIDSECTYPE"	"NORMAL"	"UNIQUE"	"VALID"	"VISIBLE"	"NO"	1	"SPL_ID"	"ASC"	""	1	89	33872	1	1	6591	33872	33872	03-JAN-26
"SPL_HTML"	"UN_SPLHTML_SPLIDSECTYPE"	"NORMAL"	"UNIQUE"	"VALID"	"VISIBLE"	"NO"	2	"SEC_TYPE_CODE"	"ASC"	""	1	89	33872	1	1	6591	33872	33872	03-JAN-26
"SPL_INITIAL_APP"	"IX_SPLINITIALAPP_SPLID"	"NORMAL"	"NONUNIQUE"	"VALID"	"VISIBLE"	"NO"	1	"SPL_ID"	"ASC"	""	1	158	70881	1	1	5909	70881	70881	13-OCT-22
"SPL_PROD"	"IX_SPLPROD_FORMCODE"	"BITMAP"	"NONUNIQUE"	"VALID"	"VISIBLE"	"NO"	1	"NCIT_FORM_CODE"	"ASC"	""	1	97	141	1	43	6107	6107	6107	20-JUN-26
"SPL_PROD"	"IX_SPLPROD_GENERICNAME"	"NORMAL"	"NONUNIQUE"	"VALID"	"VISIBLE"	"NO"	1	"NORMD_GENERIC_NAME"	"ASC"	""	2	1551	28546	1	4	133158	198563	198563	20-JUN-26
"SPL_PROD"	"IX_SPLPROD_NAME"	"NORMAL"	"NONUNIQUE"	"VALID"	"VISIBLE"	"NO"	1	"NAME"	"ASC"	""	2	1395	82432	1	1	149775	198842	198842	20-JUN-26
"SPL_PROD"	"IX_SPLPROD_SPLID"	"NORMAL"	"NONUNIQUE"	"VALID"	"VISIBLE"	"NO"	1	"SPL_ID"	"ASC"	""	2	797	158720	1	1	39680	198993	198993	20-JUN-26
"SPL_PROD"	"PK_SPLPROD"	"NORMAL"	"UNIQUE"	"VALID"	"VISIBLE"	"NO"	1	"ID"	"ASC"	""	2	833	198993	1	1	41547	198993	198993	20-JUN-26
"SPL_PROD"	"UQ_SPLPROD_SPLIDDOCORDER"	"NORMAL"	"UNIQUE"	"VALID"	"VISIBLE"	"NO"	1	"SPL_ID"	"ASC"	""	2	926	198993	1	1	41608	198993	198993	20-JUN-26
"SPL_PROD"	"UQ_SPLPROD_SPLIDDOCORDER"	"NORMAL"	"UNIQUE"	"VALID"	"VISIBLE"	"NO"	2	"DOC_ORDER"	"ASC"	""	2	926	198993	1	1	41608	198993	198993	20-JUN-26
"SPL_PROD_STAGING"	"IX_SPLPRODST_ACTINGRS"	"FUNCTION-BASED DOMAIN"	"NONUNIQUE"	"VALID"	"VISIBLE"	"NO"	1	"SYS_NC00032$"	"ASC"	"SYS_MAKEXML(0,""SYS_NC00016$"")"									18-JUL-26
"SPL_PROD_STAGING"	"IX_SPLPRODST_APPROVALS"	"FUNCTION-BASED DOMAIN"	"NONUNIQUE"	"VALID"	"VISIBLE"	"NO"	1	"SYS_NC00033$"	"ASC"	"SYS_MAKEXML(0,""SYS_NC00020$"")"									18-JUL-26
"SPL_PROD_STAGING"	"IX_SPLPRODST_CHARS"	"FUNCTION-BASED DOMAIN"	"NONUNIQUE"	"VALID"	"VISIBLE"	"NO"	1	"SYS_NC00034$"	"ASC"	"SYS_MAKEXML(0,""SYS_NC00018$"")"									18-JUL-26
"SPL_PROD_STAGING"	"IX_SPLPRODST_CONSUMEDINS"	"FUNCTION-BASED DOMAIN"	"NONUNIQUE"	"VALID"	"VISIBLE"	"NO"	1	"SYS_NC00035$"	"ASC"	"SYS_MAKEXML(0,""SYS_NC00026$"")"									18-JUL-26
"SPL_PROD_STAGING"	"IX_SPLPRODST_GENMATKINDS"	"FUNCTION-BASED DOMAIN"	"NONUNIQUE"	"VALID"	"VISIBLE"	"NO"	1	"SYS_NC00036$"	"ASC"	"SYS_MAKEXML(0,""SYS_NC00011$"")"									18-JUL-26
"SPL_PROD_STAGING"	"IX_SPLPRODST_ISSUES"	"FUNCTION-BASED DOMAIN"	"NONUNIQUE"	"VALID"	"VISIBLE"	"NO"	1	"SYS_NC00037$"	"ASC"	"SYS_MAKEXML(0,""SYS_NC00024$"")"									18-JUL-26
"SPL_PROD_STAGING"	"IX_SPLPRODST_MKTGACTS"	"FUNCTION-BASED DOMAIN"	"NONUNIQUE"	"VALID"	"VISIBLE"	"NO"	1	"SYS_NC00038$"	"ASC"	"SYS_MAKEXML(0,""SYS_NC00022$"")"									18-JUL-26
"SPL_PROD_STAGING"	"IX_SPLPRODST_PACKAGINGS"	"FUNCTION-BASED DOMAIN"	"NONUNIQUE"	"VALID"	"VISIBLE"	"NO"	1	"SYS_NC00039$"	"ASC"	"SYS_MAKEXML(0,""SYS_NC00014$"")"									18-JUL-26
"SPL_PROD_STAGING"	"IX_SPLPRODST_PARTICIPATIONS"	"FUNCTION-BASED DOMAIN"	"NONUNIQUE"	"VALID"	"VISIBLE"	"NO"	1	"SYS_NC00040$"	"ASC"	"SYS_MAKEXML(0,""SYS_NC00028$"")"									18-JUL-26
"SPL_PROD_STAGING"	"IX_SPLPRODST_SPLID"	"NORMAL"	"NONUNIQUE"	"VALID"	"VISIBLE"	"NO"	1	"SPL_ID"	"ASC"	""	2	813	152496	1	1	170377	193109	193109	18-JUL-26
"SPL_PROD_STAGING"	"PK_SPLPRODST"	"NORMAL"	"UNIQUE"	"VALID"	"VISIBLE"	"NO"	1	"ID"	"ASC"	""	2	755	193109	1	1	169721	193109	193109	18-JUL-26
"SPL_SEC"	"CTXIX_SPLSEC_CONTENTXML"	"FUNCTION-BASED DOMAIN"	"NONUNIQUE"	"VALID"	"VISIBLE"	"NO"	1	"SYS_NC00011$"	"ASC"	"SYS_MAKEXML(0,""SYS_NC00005$"")"									20-JUL-26
"SPL_SEC"	"IX_SPLSEC_GUID"	"NORMAL"	"NONUNIQUE"	"VALID"	"VISIBLE"	"NO"	1	"GUID"	"ASC"	""	2	40160	3534080	1	1	2813844	3606873	3606873	20-JUL-26
"SPL_SEC"	"IX_SPLSEC_LCODE"	"BITMAP"	"NONUNIQUE"	"VALID"	"VISIBLE"	"NO"	1	"LOINC_CODE"	"ASC"	""	2	1994	104	19	736	76642	76642	76642	20-JUL-26
"SPL_SEC"	"IX_SPLSEC_LCODESPLID"	"NORMAL"	"NONUNIQUE"	"VALID"	"VISIBLE"	"NO"	1	"LOINC_CODE"	"ASC"	""	2	34180	2514176	1	1	2914380	3606873	3606873	20-JUL-26
"SPL_SEC"	"IX_SPLSEC_LCODESPLID"	"NORMAL"	"NONUNIQUE"	"VALID"	"VISIBLE"	"NO"	2	"SPL_ID"	"ASC"	""	2	34180	2514176	1	1	2914380	3606873	3606873	20-JUL-26
"SPL_SEC"	"IX_SPLSEC_PARENTSEC"	"NORMAL"	"NONUNIQUE"	"VALID"	"VISIBLE"	"NO"	1	"PARENT_SEC_GUID"	"ASC"	""	2	19394	426144	1	1	744298	1546049	1546049	20-JUL-26
"SPL_SEC"	"IX_SPLSEC_SPLIDLCODE"	"NORMAL"	"NONUNIQUE"	"VALID"	"VISIBLE"	"NO"	1	"SPL_ID"	"ASC"	""	2	30541	2514176	1	1	2040542	3606873	3606873	20-JUL-26
"SPL_SEC"	"IX_SPLSEC_SPLIDLCODE"	"NORMAL"	"NONUNIQUE"	"VALID"	"VISIBLE"	"NO"	2	"LOINC_CODE"	"ASC"	""	2	30541	2514176	1	1	2040542	3606873	3606873	20-JUL-26
"SPL_SEC"	"PK_SPLSEC"	"NORMAL"	"UNIQUE"	"VALID"	"VISIBLE"	"NO"	1	"ID"	"ASC"	""	2	14925	3606873	1	1	927237	3606873	3606873	20-JUL-26
"SPL_SEC_HIGHLIGHT"	"CTXIX_SPLSECHLT_XML"	"FUNCTION-BASED DOMAIN"	"NONUNIQUE"	"VALID"	"VISIBLE"	"NO"	1	"SYS_NC00006$"	"ASC"	"SYS_MAKEXML(0,""SYS_NC00005$"")"									04-JUL-26
"SPL_SEC_HIGHLIGHT"	"IX_SPLSECHIGHLIGHT_LCODE"	"BITMAP"	"NONUNIQUE"	"VALID"	"VISIBLE"	"NO"	1	"LOINC_CODE"	"ASC"	""	1	155	12	12	849	10191	10191	10191	04-JUL-26
"SPL_SEC_HIGHLIGHT"	"IX_SPLSECHIGHLIGHT_LCODESPLID"	"NORMAL"	"NONUNIQUE"	"VALID"	"VISIBLE"	"NO"	1	"LOINC_CODE"	"ASC"	""	2	2347	207602	1	1	203659	207624	207624	04-JUL-26
"SPL_SEC_HIGHLIGHT"	"IX_SPLSECHIGHLIGHT_LCODESPLID"	"NORMAL"	"NONUNIQUE"	"VALID"	"VISIBLE"	"NO"	2	"SPL_ID"	"ASC"	""	2	2347	207602	1	1	203659	207624	207624	04-JUL-26
"SPL_SEC_HIGHLIGHT"	"IX_SPLSECHIGHLIGHT_SPLIDLCODE"	"NORMAL"	"NONUNIQUE"	"VALID"	"VISIBLE"	"NO"	1	"SPL_ID"	"ASC"	""	2	2082	207602	1	1	119432	207624	207624	04-JUL-26
"SPL_SEC_HIGHLIGHT"	"IX_SPLSECHIGHLIGHT_SPLIDLCODE"	"NORMAL"	"NONUNIQUE"	"VALID"	"VISIBLE"	"NO"	2	"LOINC_CODE"	"ASC"	""	2	2082	207602	1	1	119432	207624	207624	04-JUL-26
"SPL_SEC_HIGHLIGHT"	"PK_SPLSECHIGHLIGHT"	"NORMAL"	"UNIQUE"	"VALID"	"VISIBLE"	"NO"	1	"ID"	"ASC"	""	2	940	207624	1	1	59896	207624	207624	04-JUL-26
"SPL_SEC_MEDDRA_LLT_OCC"	"IX_SPLSECMEDDRALLTOCC_LLTSECT"	"NORMAL"	"NONUNIQUE"	"VALID"	"VISIBLE"	"NO"	1	"LLT_CODE"	"ASC"	""	3	139296	98180	1	192	18923255	29377540	29377540	02-AUG-26
"SPL_SEC_MEDDRA_LLT_OCC"	"IX_SPLSECMEDDRALLTOCC_LLTSECT"	"NORMAL"	"NONUNIQUE"	"VALID"	"VISIBLE"	"NO"	2	"SEC_TYPE_CODE"	"ASC"	""	3	139296	98180	1	192	18923255	29377540	29377540	02-AUG-26
"SPL_SEC_MEDDRA_LLT_OCC"	"IX_SPLSECMEDDRALLTOCC_SECTYPE"	"NORMAL"	"NONUNIQUE"	"VALID"	"VISIBLE"	"NO"	1	"SEC_TYPE_CODE"	"ASC"	""	2	106521	98	1086	14971	1467212	29377540	29377540	02-AUG-26
"SPL_SEC_MEDDRA_LLT_OCC"	"PK_SPLSECMEDDRALLTOCC"	"NORMAL"	"UNIQUE"	"VALID"	"VISIBLE"	"NO"	1	"SET_ID"	"ASC"	""	3	648247	29377540	1	1	9216200	29377540	29377540	02-AUG-26
"SPL_SEC_MEDDRA_LLT_OCC"	"PK_SPLSECMEDDRALLTOCC"	"NORMAL"	"UNIQUE"	"VALID"	"VISIBLE"	"NO"	2	"SEC_TYPE_CODE"	"ASC"	""	3	648247	29377540	1	1	9216200	29377540	29377540	02-AUG-26
"SPL_SEC_MEDDRA_LLT_OCC"	"PK_SPLSECMEDDRALLTOCC"	"NORMAL"	"UNIQUE"	"VALID"	"VISIBLE"	"NO"	3	"SEC_GUID"	"ASC"	""	3	648247	29377540	1	1	9216200	29377540	29377540	02-AUG-26
"SPL_SEC_MEDDRA_LLT_OCC"	"PK_SPLSECMEDDRALLTOCC"	"NORMAL"	"UNIQUE"	"VALID"	"VISIBLE"	"NO"	4	"LLT_CODE"	"ASC"	""	3	648247	29377540	1	1	9216200	29377540	29377540	02-AUG-26
"SPL_SEC_MEDDRA_LLT_OCC"	"PK_SPLSECMEDDRALLTOCC"	"NORMAL"	"UNIQUE"	"VALID"	"VISIBLE"	"NO"	5	"START_IX"	"ASC"	""	3	648247	29377540	1	1	9216200	29377540	29377540	02-AUG-26
"SPL_SEC_MEDDRA_LLT_OCC"	"PK_SPLSECMEDDRALLTOCC"	"NORMAL"	"UNIQUE"	"VALID"	"VISIBLE"	"NO"	6	"END_IX"	"ASC"	""	3	648247	29377540	1	1	9216200	29377540	29377540	02-AUG-26
"SPL_TAG"	"IX_SPLTAG_ISPUBLIC"	"BITMAP"	"NONUNIQUE"	"VALID"	"VISIBLE"	"NO"	1	"IS_PUBLIC"	"ASC"	""	0	1	1	1	1	1	1	1	13-OCT-22
"SPL_TAG"	"IX_SPLTAG_TAG"	"BITMAP"	"NONUNIQUE"	"VALID"	"VISIBLE"	"NO"	1	"TAG"	"ASC"	""	0	1	3	1	1	3	3	3	13-OCT-22
"SPL_TAG"	"IX_SPLTAG_USERNAME"	"BITMAP"	"NONUNIQUE"	"VALID"	"VISIBLE"	"NO"	1	"OWNER"	"ASC"	""	0	1	2	1	1	2	2	2	13-OCT-22
"SPL_TAG"	"PK_SPLTAG"	"NORMAL"	"UNIQUE"	"VALID"	"VISIBLE"	"NO"	1	"SPL_ID"	"ASC"	""	0	1	3	1	1	1	3	3	13-OCT-22
"SPL_TAG"	"PK_SPLTAG"	"NORMAL"	"UNIQUE"	"VALID"	"VISIBLE"	"NO"	2	"OWNER"	"ASC"	""	0	1	3	1	1	1	3	3	13-OCT-22
"SPL_TAG"	"PK_SPLTAG"	"NORMAL"	"UNIQUE"	"VALID"	"VISIBLE"	"NO"	3	"TAG"	"ASC"	""	0	1	3	1	1	1	3	3	13-OCT-22
"SUM_SPL"	"IX_SUMSPL_DOCTYPECODE_BM"	"BITMAP"	"NONUNIQUE"	"VALID"	"VISIBLE"	"NO"	1	"DOCUMENT_TYPE_LOINC_CODE"	"ASC"	""	1	25	33	1	1	52	52	52	02-AUG-26
"SUM_SPL"	"IX_SUMSPL_DOCTYPESPLID"	"NORMAL"	"NONUNIQUE"	"VALID"	"VISIBLE"	"NO"	1	"DOCUMENT_TYPE_LOINC_CODE"	"ASC"	""	2	2497	160178	1	1	17572	160178	160178	02-AUG-26
"SUM_SPL"	"IX_SUMSPL_DOCTYPESPLID"	"NORMAL"	"NONUNIQUE"	"VALID"	"VISIBLE"	"NO"	2	"SPL_ID"	"ASC"	""	2	2497	160178	1	1	17572	160178	160178	02-AUG-26
"SUM_SPL"	"IX_SUMSPL_EFFTIME"	"NORMAL"	"NONUNIQUE"	"VALID"	"VISIBLE"	"NO"	1	"EFF_TIME"	"ASC"	""	2	2424	5847	1	11	66499	160178	160178	02-AUG-26
"SUM_SPL"	"IX_SUMSPL_GUID"	"NORMAL"	"NONUNIQUE"	"VALID"	"VISIBLE"	"NO"	1	"SPL_GUID"	"ASC"	""	2	3518	160178	1	1	141286	160178	160178	02-AUG-26
"SUM_SPL"	"IX_SUMSPL_ORG"	"NORMAL"	"NONUNIQUE"	"VALID"	"VISIBLE"	"NO"	1	"AUTHOR_ORG_NORMD_NAME"	"ASC"	""	2	3709	16077	1	6	98379	160055	160055	02-AUG-26
"SUM_SPL"	"IX_SUMSPL_ORGRANK"	"NORMAL"	"NONUNIQUE"	"VALID"	"VISIBLE"	"NO"	1	"ORG_CURRENCY_RANK"	"ASC"	""	2	1020	4462	1	31	142762	160178	160178	02-AUG-26
"SUM_SPL"	"IX_SUMSPL_PRODGNAMEETIME"	"NORMAL"	"NONUNIQUE"	"VALID"	"VISIBLE"	"NO"	1	"PRODUCT_NORMD_GENERIC_NAMES"	"ASC"	""	2	3625	112166	1	1	132987	160178	160178	02-AUG-26
"SUM_SPL"	"IX_SUMSPL_PRODGNAMEETIME"	"NORMAL"	"NONUNIQUE"	"VALID"	"VISIBLE"	"NO"	2	"EFF_TIME"	"ASC"	""	2	3625	112166	1	1	132987	160178	160178	02-AUG-26
"SUM_SPL"	"IX_SUMSPL_SETID"	"NORMAL"	"NONUNIQUE"	"VALID"	"VISIBLE"	"NO"	1	"SET_ID"	"ASC"	""	2	2535	160178	1	1	149148	160178	160178	02-AUG-26
"SUM_SPL"	"PK_SUMSPL"	"NORMAL"	"UNIQUE"	"VALID"	"VISIBLE"	"NO"	1	"SPL_ID"	"ASC"	""	1	576	160178	1	1	14251	160178	160178	02-AUG-26
"SUM_SPL"	"SUM_SPL_IDX_ON_ACT_INGR"	"BITMAP"	"NONUNIQUE"	"VALID"	"VISIBLE"	"NO"	1	"ACT_INGR_UNIIS"	"ASC"	""	2	569	14442	1	1	14453	14453	14453	02-AUG-26
"SUM_SPL_ACT_INGR_NAME"	"IX_SUMSPLACTINGRNM_NAMESPLID"	"NORMAL"	"NONUNIQUE"	"VALID"	"VISIBLE"	"NO"	1	"SUBSTANCE_NAME"	"ASC"	""	2	5139	306090	1	1	299571	306090	306090	02-AUG-26
"SUM_SPL_ACT_INGR_NAME"	"IX_SUMSPLACTINGRNM_NAMESPLID"	"NORMAL"	"NONUNIQUE"	"VALID"	"VISIBLE"	"NO"	2	"SPL_ID"	"ASC"	""	2	5139	306090	1	1	299571	306090	306090	02-AUG-26
"SUM_SPL_ACT_INGR_NAME"	"PK_SUMSPLACTINGRNM"	"NORMAL"	"UNIQUE"	"VALID"	"VISIBLE"	"NO"	1	"SPL_ID"	"ASC"	""	2	2757	306090	1	1	289043	306090	306090	02-AUG-26
"SUM_SPL_ACT_INGR_NAME"	"PK_SUMSPLACTINGRNM"	"NORMAL"	"UNIQUE"	"VALID"	"VISIBLE"	"NO"	2	"SUBSTANCE_NAME"	"ASC"	""	2	2757	306090	1	1	289043	306090	306090	02-AUG-26
"SUM_SPL_ACT_INGR_UNII"	"IX_SUMSPLACTINGRCD_CODESPLID"	"NORMAL"	"NONUNIQUE"	"VALID"	"VISIBLE"	"NO"	1	"UNII"	"ASC"	""	2	4103	306005	1	1	294541	306005	306005	05-AUG-26
"SUM_SPL_ACT_INGR_UNII"	"IX_SUMSPLACTINGRCD_CODESPLID"	"NORMAL"	"NONUNIQUE"	"VALID"	"VISIBLE"	"NO"	2	"SPL_ID"	"ASC"	""	2	4103	306005	1	1	294541	306005	306005	05-AUG-26
"SUM_SPL_ACT_INGR_UNII"	"PK_SUMSPLACTINGRCD"	"NORMAL"	"UNIQUE"	"VALID"	"VISIBLE"	"NO"	1	"SPL_ID"	"ASC"	""	2	2208	306005	1	1	273846	306005	306005	05-AUG-26
"SUM_SPL_ACT_INGR_UNII"	"PK_SUMSPLACTINGRCD"	"NORMAL"	"UNIQUE"	"VALID"	"VISIBLE"	"NO"	2	"UNII"	"ASC"	""	2	2208	306005	1	1	273846	306005	306005	05-AUG-26
"SUM_SPL_ACT_MOIETY_NAME"	"IX_SUMSPLACTMOIETYNAME_SPLID"	"NORMAL"	"NONUNIQUE"	"VALID"	"VISIBLE"	"NO"	1	"ACTIVE_MOIETY_NAME"	"ASC"	""	2	4815	309566	1	1	303915	309566	309566	02-AUG-26
"SUM_SPL_ACT_MOIETY_NAME"	"IX_SUMSPLACTMOIETYNAME_SPLID"	"NORMAL"	"NONUNIQUE"	"VALID"	"VISIBLE"	"NO"	2	"SPL_ID"	"ASC"	""	2	4815	309566	1	1	303915	309566	309566	02-AUG-26
"SUM_SPL_ACT_MOIETY_NAME"	"PK_SUMSPLACTMOIETYNM"	"NORMAL"	"UNIQUE"	"VALID"	"VISIBLE"	"NO"	1	"SPL_ID"	"ASC"	""	2	2608	309566	1	1	294375	309566	309566	02-AUG-26
"SUM_SPL_ACT_MOIETY_NAME"	"PK_SUMSPLACTMOIETYNM"	"NORMAL"	"UNIQUE"	"VALID"	"VISIBLE"	"NO"	2	"ACTIVE_MOIETY_NAME"	"ASC"	""	2	2608	309566	1	1	294375	309566	309566	02-AUG-26
"SUM_SPL_ACT_MOIETY_UNII"	"IX_SUMSPLACTMOIETYUNII_SPLID"	"NORMAL"	"NONUNIQUE"	"VALID"	"VISIBLE"	"NO"	1	"ACTIVE_MOIETY_UNII"	"ASC"	""	2	4222	309472	1	1	303230	309472	309472	02-AUG-26
"SUM_SPL_ACT_MOIETY_UNII"	"IX_SUMSPLACTMOIETYUNII_SPLID"	"NORMAL"	"NONUNIQUE"	"VALID"	"VISIBLE"	"NO"	2	"SPL_ID"	"ASC"	""	2	4222	309472	1	1	303230	309472	309472	02-AUG-26
"SUM_SPL_ACT_MOIETY_UNII"	"PK_SUMSPLACTMOIETYUNII"	"NORMAL"	"UNIQUE"	"VALID"	"VISIBLE"	"NO"	1	"SPL_ID"	"ASC"	""	2	2256	309472	1	1	294155	309472	309472	02-AUG-26
"SUM_SPL_ACT_MOIETY_UNII"	"PK_SUMSPLACTMOIETYUNII"	"NORMAL"	"UNIQUE"	"VALID"	"VISIBLE"	"NO"	2	"ACTIVE_MOIETY_UNII"	"ASC"	""	2	2256	309472	1	1	294155	309472	309472	02-AUG-26
"SUM_SPL_DOSAGEFORM"	"IX_SUMSPLDFORM_DFORMCODESPLID"	"NORMAL"	"NONUNIQUE"	"VALID"	"VISIBLE"	"NO"	1	"PRODUCT_NCIT_FORM_CODE"	"ASC"	""	2	2223	160699	1	1	149201	160699	160699	02-AUG-26
"SUM_SPL_DOSAGEFORM"	"IX_SUMSPLDFORM_DFORMCODESPLID"	"NORMAL"	"NONUNIQUE"	"VALID"	"VISIBLE"	"NO"	2	"SPL_ID"	"ASC"	""	2	2223	160699	1	1	149201	160699	160699	02-AUG-26
"SUM_SPL_DOSAGEFORM"	"PK_SUMSPLDFORM"	"NORMAL"	"UNIQUE"	"VALID"	"VISIBLE"	"NO"	1	"SPL_ID"	"ASC"	""	2	1049	160699	1	1	142926	160699	160699	02-AUG-26
"SUM_SPL_DOSAGEFORM"	"PK_SUMSPLDFORM"	"NORMAL"	"UNIQUE"	"VALID"	"VISIBLE"	"NO"	2	"PRODUCT_NCIT_FORM_CODE"	"ASC"	""	2	1049	160699	1	1	142926	160699	160699	02-AUG-26
"SUM_SPL_EPC"	"IDX_SUM_SPL_EPC_ID"	"NORMAL"	"NONUNIQUE"	"VALID"	"VISIBLE"	"NO"	1	"SPL_ID"	"ASC"	""	2	1514	159696	1	1	42445	160178	160178	02-AUG-26
"SUM_SPL_EPC"	"IDX_SUM_SPL_EPC_SETID"	"NORMAL"	"NONUNIQUE"	"VALID"	"VISIBLE"	"NO"	1	"SET_ID"	"ASC"	""	2	2537	160178	1	1	149421	160178	160178	02-AUG-26
"SUM_SPL_GEN_PROD"	"IX_SPLGENPROD_GENPRODORGRANK"	"NORMAL"	"NONUNIQUE"	"VALID"	"VISIBLE"	"NO"	1	"GENPRODORG_EFF_TIME_RANK"	"ASC"	""	2	1171	532	2	84	44759	165060	165060	02-AUG-26
"SUM_SPL_GEN_PROD"	"IX_SPLGENPROD_GENPRODRANK"	"NORMAL"	"NONUNIQUE"	"VALID"	"VISIBLE"	"NO"	1	"GENPROD_EFF_TIME_RANK"	"ASC"	""	2	1128	9791	1	12	119263	165060	165060	02-AUG-26
"SUM_SPL_GEN_PROD"	"IX_SPLGENPROD_ORG"	"NORMAL"	"NONUNIQUE"	"VALID"	"VISIBLE"	"NO"	1	"NORMD_ORG"	"ASC"	""	2	2163	16056	1	1	6690	165037	165037	02-AUG-26
"SUM_SPL_GEN_PROD"	"IX_SPLGENPROD_ORGRANK"	"NORMAL"	"NONUNIQUE"	"VALID"	"VISIBLE"	"NO"	1	"ORG_EFF_TIME_RANK"	"ASC"	""	2	1102	4464	1	28	129131	165060	165060	02-AUG-26
"SUM_SPL_GEN_PROD"	"IX_SPLGENPROD_PRODORG"	"NORMAL"	"NONUNIQUE"	"VALID"	"VISIBLE"	"NO"	1	"PRODUCT_NORMD_GENERIC_NAME"	"ASC"	""	2	4244	86399	1	1	110150	165060	165060	02-AUG-26
"SUM_SPL_GEN_PROD"	"IX_SPLGENPROD_PRODORG"	"NORMAL"	"NONUNIQUE"	"VALID"	"VISIBLE"	"NO"	2	"NORMD_ORG"	"ASC"	""	2	4244	86399	1	1	110150	165060	165060	02-AUG-26
"SUM_SPL_GEN_PROD"	"IX_SPLGENPROD_SPLGUID"	"NORMAL"	"NONUNIQUE"	"VALID"	"VISIBLE"	"NO"	1	"SPL_GUID"	"ASC"	""	2	3712	159936	1	1	138151	165060	165060	02-AUG-26
"SUM_SPL_GEN_PROD"	"PK_SUMSPLGENPROD"	"NORMAL"	"UNIQUE"	"VALID"	"VISIBLE"	"NO"	1	"SPL_ID"	"ASC"	""	2	2085	165060	1	1	122337	165060	165060	02-AUG-26
"SUM_SPL_GEN_PROD"	"PK_SUMSPLGENPROD"	"NORMAL"	"UNIQUE"	"VALID"	"VISIBLE"	"NO"	2	"PRODUCT_NORMD_GENERIC_NAME"	"ASC"	""	2	2085	165060	1	1	122337	165060	165060	02-AUG-26
"SUM_SPL_GEN_PROD_ACT_INGR_UNII"	"IX_SUMSPLGENPRODAIC_GNAMESPL"	"NORMAL"	"NONUNIQUE"	"VALID"	"VISIBLE"	"NO"	1	"PRODUCT_NORMD_GENERIC_NAME"	"ASC"	""	4	16479	160896	1	1	274474	311520	311520	02-AUG-26
"SUM_SPL_GEN_PROD_ACT_INGR_UNII"	"IX_SUMSPLGENPRODAIC_GNAMESPL"	"NORMAL"	"NONUNIQUE"	"VALID"	"VISIBLE"	"NO"	2	"SPL_ID"	"ASC"	""	4	16479	160896	1	1	274474	311520	311520	02-AUG-26
"SUM_SPL_GEN_PROD_ACT_INGR_UNII"	"PK_SUMSPLGENPRODAIC"	"NORMAL"	"UNIQUE"	"VALID"	"VISIBLE"	"NO"	1	"SPL_ID"	"ASC"	""	3	8711	311520	1	1	297411	311520	311520	02-AUG-26
"SUM_SPL_GEN_PROD_ACT_INGR_UNII"	"PK_SUMSPLGENPRODAIC"	"NORMAL"	"UNIQUE"	"VALID"	"VISIBLE"	"NO"	2	"PRODUCT_NORMD_GENERIC_NAME"	"ASC"	""	3	8711	311520	1	1	297411	311520	311520	02-AUG-26
"SUM_SPL_GEN_PROD_ACT_INGR_UNII"	"PK_SUMSPLGENPRODAIC"	"NORMAL"	"UNIQUE"	"VALID"	"VISIBLE"	"NO"	3	"UNII"	"ASC"	""	3	8711	311520	1	1	297411	311520	311520	02-AUG-26
"SUM_SPL_GEN_PROD_MKT_ACT"	"IX_SUMSPLGPMKTACT_GNAMESPL"	"NORMAL"	"NONUNIQUE"	"VALID"	"VISIBLE"	"NO"	1	"PRODUCT_NORMD_GENERIC_NAME"	"ASC"	""	2	3420	164737	1	1	166599	169899	169899	02-AUG-26
"SUM_SPL_GEN_PROD_MKT_ACT"	"IX_SUMSPLGPMKTACT_GNAMESPL"	"NORMAL"	"NONUNIQUE"	"VALID"	"VISIBLE"	"NO"	2	"SPL_ID"	"ASC"	""	2	3420	164737	1	1	166599	169899	169899	02-AUG-26
"SUM_SPL_GEN_PROD_MKT_ACT"	"PK_SUMSPLGENPRODMKTACT"	"NORMAL"	"UNIQUE"	"VALID"	"VISIBLE"	"NO"	1	"SPL_ID"	"ASC"	""	2	2794	169899	1	1	160626	169899	169899	02-AUG-26
"SUM_SPL_GEN_PROD_MKT_ACT"	"PK_SUMSPLGENPRODMKTACT"	"NORMAL"	"UNIQUE"	"VALID"	"VISIBLE"	"NO"	2	"PRODUCT_NORMD_GENERIC_NAME"	"ASC"	""	2	2794	169899	1	1	160626	169899	169899	02-AUG-26
"SUM_SPL_GEN_PROD_MKT_ACT"	"PK_SUMSPLGENPRODMKTACT"	"NORMAL"	"UNIQUE"	"VALID"	"VISIBLE"	"NO"	3	"MARKETING_ACT"	"ASC"	""	2	2794	169899	1	1	160626	169899	169899	02-AUG-26
"SUM_SPL_GEN_PROD_NDC"	"IX_SUMSPLGPNDC_GNAMESPL"	"NORMAL"	"NONUNIQUE"	"VALID"	"VISIBLE"	"NO"	1	"PRODUCT_NORMD_GENERIC_NAME"	"ASC"	""	2	4114	165044	1	1	186607	199750	199750	02-AUG-26
"SUM_SPL_GEN_PROD_NDC"	"IX_SUMSPLGPNDC_GNAMESPL"	"NORMAL"	"NONUNIQUE"	"VALID"	"VISIBLE"	"NO"	2	"SPL_ID"	"ASC"	""	2	4114	165044	1	1	186607	199750	199750	02-AUG-26
"SUM_SPL_GEN_PROD_NDC"	"PK_SUMSPLGENPRODNDC"	"NORMAL"	"UNIQUE"	"VALID"	"VISIBLE"	"NO"	1	"SPL_ID"	"ASC"	""	2	3151	199750	1	1	178167	199750	199750	02-AUG-26
"SUM_SPL_GEN_PROD_NDC"	"PK_SUMSPLGENPRODNDC"	"NORMAL"	"UNIQUE"	"VALID"	"VISIBLE"	"NO"	2	"PRODUCT_NORMD_GENERIC_NAME"	"ASC"	""	2	3151	199750	1	1	178167	199750	199750	02-AUG-26
"SUM_SPL_GEN_PROD_NDC"	"PK_SUMSPLGENPRODNDC"	"NORMAL"	"UNIQUE"	"VALID"	"VISIBLE"	"NO"	3	"NDC_CODE"	"ASC"	""	2	3151	199750	1	1	178167	199750	199750	02-AUG-26
"SUM_SPL_MKT_ACT"	"PK_SUMSPLMKTACT"	"NORMAL"	"UNIQUE"	"VALID"	"VISIBLE"	"NO"	1	"SPL_ID"	"ASC"	""	2	1398	164816	1	1	145502	164816	164816	02-AUG-26
"SUM_SPL_MKT_ACT"	"PK_SUMSPLMKTACT"	"NORMAL"	"UNIQUE"	"VALID"	"VISIBLE"	"NO"	2	"MARKETING_ACT"	"ASC"	""	2	1398	164816	1	1	145502	164816	164816	02-AUG-26
"SUM_SPL_MKT_CAT"	"IX_SUMSPLMKTCAT_NCITCODESPLID"	"NORMAL"	"NONUNIQUE"	"VALID"	"VISIBLE"	"NO"	1	"MARKETING_CAT_NCIT_CODE"	"ASC"	""	2	2166	159772	1	1	140187	159772	159772	02-AUG-26
"SUM_SPL_MKT_CAT"	"IX_SUMSPLMKTCAT_NCITCODESPLID"	"NORMAL"	"NONUNIQUE"	"VALID"	"VISIBLE"	"NO"	2	"SPL_ID"	"ASC"	""	2	2166	159772	1	1	140187	159772	159772	02-AUG-26
"SUM_SPL_MKT_CAT"	"PK_SUMSPLMKTCAT"	"NORMAL"	"UNIQUE"	"VALID"	"VISIBLE"	"NO"	1	"SPL_ID"	"ASC"	""	2	1059	159772	1	1	139823	159772	159772	02-AUG-26
"SUM_SPL_MKT_CAT"	"PK_SUMSPLMKTCAT"	"NORMAL"	"UNIQUE"	"VALID"	"VISIBLE"	"NO"	2	"MARKETING_CAT_NCIT_CODE"	"ASC"	""	2	1059	159772	1	1	139823	159772	159772	02-AUG-26
"SUM_SPL_NDC"	"IX_SUMSPLNDC_NDCCODESPLID"	"NORMAL"	"NONUNIQUE"	"VALID"	"VISIBLE"	"NO"	1	"PRODUCT_NDC_CODE"	"ASC"	""	2	1846	200015	1	1	191346	200015	200015	02-AUG-26
"SUM_SPL_NDC"	"IX_SUMSPLNDC_NDCCODESPLID"	"NORMAL"	"NONUNIQUE"	"VALID"	"VISIBLE"	"NO"	2	"SPL_ID"	"ASC"	""	2	1846	200015	1	1	191346	200015	200015	02-AUG-26
"SUM_SPL_NDC"	"PK_SUMSPLNDC"	"NORMAL"	"UNIQUE"	"VALID"	"VISIBLE"	"NO"	1	"SPL_ID"	"ASC"	""	2	1556	200015	1	1	177369	200015	200015	02-AUG-26
"SUM_SPL_NDC"	"PK_SUMSPLNDC"	"NORMAL"	"UNIQUE"	"VALID"	"VISIBLE"	"NO"	2	"PRODUCT_NDC_CODE"	"ASC"	""	2	1556	200015	1	1	177369	200015	200015	02-AUG-26
"SUM_SPL_NDC"	"SUM_SPL_NDC_IDX"	"NORMAL"	"NONUNIQUE"	"VALID"	"VISIBLE"	"NO"	1	"PRODUCT_NDC_CODE"	"ASC"	""	2	1501	196992	1	1	191229	200015	200015	02-AUG-26
"SUM_SPL_PRODNAME"	"PK_SUMSPLPRODNM"	"NORMAL"	"UNIQUE"	"VALID"	"VISIBLE"	"NO"	1	"SPL_ID"	"ASC"	""	2	1942	168231	1	1	149837	168231	168231	02-AUG-26
"SUM_SPL_PRODNAME"	"PK_SUMSPLPRODNM"	"NORMAL"	"UNIQUE"	"VALID"	"VISIBLE"	"NO"	2	"PRODUCT_NAME"	"ASC"	""	2	1942	168231	1	1	149837	168231	168231	02-AUG-26
"SUM_SPL_RLD"	"IX_SUM_SPL_RLD_APPLNO"	"NORMAL"	"NONUNIQUE"	"VALID"	"VISIBLE"	"NO"	1	"APPL_NO"	"ASC"	""	1	21	2474	1	1	3181	3542	3542	02-AUG-26
"SUM_SPL_RLD"	"IX_SUM_SPL_RLD_RLD"	"BITMAP"	"NONUNIQUE"	"VALID"	"VISIBLE"	"NO"	1	"RLD"	"ASC"	""	0	1	1	1	1	1	1	1	02-AUG-26
"SUM_SPL_RLD"	"IX_SUM_SPL_RLD_SPLID"	"NORMAL"	"NONUNIQUE"	"VALID"	"VISIBLE"	"NO"	1	"SPL_ID"	"ASC"	""	1	65	3309	1	1	3286	3542	3542	02-AUG-26
"SUM_SPL_RLD"	"SUM_SPL_RLD_PK"	"NORMAL"	"UNIQUE"	"VALID"	"VISIBLE"	"NO"	1	"SPL_ID"	"ASC"	""	1	83	3542	1	1	3301	3542	3542	02-AUG-26
"SUM_SPL_RLD"	"SUM_SPL_RLD_PK"	"NORMAL"	"UNIQUE"	"VALID"	"VISIBLE"	"NO"	2	"APPL_NO"	"ASC"	""	1	83	3542	1	1	3301	3542	3542	02-AUG-26
"SUM_SPL_RLD"	"SUM_SPL_RLD_PK"	"NORMAL"	"UNIQUE"	"VALID"	"VISIBLE"	"NO"	3	"RLD"	"ASC"	""	1	83	3542	1	1	3301	3542	3542	02-AUG-26
"SUM_SPL_RLD"	"SUM_SPL_RLD_PK"	"NORMAL"	"UNIQUE"	"VALID"	"VISIBLE"	"NO"	4	"MARKETING_CAT_NCIT_CODE"	"ASC"	""	1	83	3542	1	1	3301	3542	3542	02-AUG-26
"SUM_SPL_RLD"	"SUM_SPL_RLD_PK"	"NORMAL"	"UNIQUE"	"VALID"	"VISIBLE"	"NO"	5	"MARKETING_CAT_DESCRIPTION"	"ASC"	""	1	83	3542	1	1	3301	3542	3542	02-AUG-26
"SUM_SPL_RLD_RS"	"IX_SUM_SPL_RLD_RS_APPLNO"	"NORMAL"	"NONUNIQUE"	"VALID"	"VISIBLE"	"NO"	1	"APPL_NO"	"ASC"	""	1	33	3162	1	3	11201	12750	12750	05-AUG-26
"SUM_SPL_RLD_RS"	"IX_SUM_SPL_RLD_RS_RLD"	"BITMAP"	"NONUNIQUE"	"VALID"	"VISIBLE"	"NO"	1	"REFERENCE_DRUG"	"ASC"	""	0	1	2	1	1	2	2	2	05-AUG-26
"SUM_SPL_RLD_RS"	"IX_SUM_SPL_RLD_RS_RS"	"BITMAP"	"NONUNIQUE"	"VALID"	"VISIBLE"	"NO"	1	"REFERENCE_STANDARD"	"ASC"	""	0	1	2	1	1	2	2	2	05-AUG-26
"SUM_SPL_RLD_RS"	"IX_SUM_SPL_RLD_RS_SPLID"	"NORMAL"	"NONUNIQUE"	"VALID"	"VISIBLE"	"NO"	1	"SPL_ID"	"ASC"	""	1	29	9841	1	1	11863	12750	12750	05-AUG-26
"SUM_SPL_RLD_RS"	"SUM_SPL_RLD_RS_PK"	"NORMAL"	"UNIQUE"	"VALID"	"VISIBLE"	"NO"	1	"SPL_ID"	"ASC"	""	1	71	12750	1	1	11937	12750	12750	05-AUG-26
"SUM_SPL_RLD_RS"	"SUM_SPL_RLD_RS_PK"	"NORMAL"	"UNIQUE"	"VALID"	"VISIBLE"	"NO"	2	"APPL_NO"	"ASC"	""	1	71	12750	1	1	11937	12750	12750	05-AUG-26
"SUM_SPL_RLD_RS"	"SUM_SPL_RLD_RS_PK"	"NORMAL"	"UNIQUE"	"VALID"	"VISIBLE"	"NO"	3	"REFERENCE_DRUG"	"ASC"	""	1	71	12750	1	1	11937	12750	12750	05-AUG-26
"SUM_SPL_RLD_RS"	"SUM_SPL_RLD_RS_PK"	"NORMAL"	"UNIQUE"	"VALID"	"VISIBLE"	"NO"	4	"MARKETING_CAT_NCIT_CODE"	"ASC"	""	1	71	12750	1	1	11937	12750	12750	05-AUG-26
"SUM_SPL_RLD_RS"	"SUM_SPL_RLD_RS_PK"	"NORMAL"	"UNIQUE"	"VALID"	"VISIBLE"	"NO"	5	"MARKETING_CAT_DESCRIPTION"	"ASC"	""	1	71	12750	1	1	11937	12750	12750	05-AUG-26
"SUM_SPL_RLD_RS"	"SUM_SPL_RLD_RS_PK"	"NORMAL"	"UNIQUE"	"VALID"	"VISIBLE"	"NO"	6	"REFERENCE_STANDARD"	"ASC"	""	1	71	12750	1	1	11937	12750	12750	05-AUG-26
"SUM_SPL_ROUTE"	"IX_SUMSPLROUTE_RCODESPLID"	"NORMAL"	"NONUNIQUE"	"VALID"	"VISIBLE"	"NO"	1	"NCIT_ROUTE_OF_ADMIN_CODE"	"ASC"	""	2	2185	165063	1	1	147042	165063	165063	02-AUG-26
"SUM_SPL_ROUTE"	"IX_SUMSPLROUTE_RCODESPLID"	"NORMAL"	"NONUNIQUE"	"VALID"	"VISIBLE"	"NO"	2	"SPL_ID"	"ASC"	""	2	2185	165063	1	1	147042	165063	165063	02-AUG-26
"SUM_SPL_ROUTE"	"PK_SUMSPLROUTE"	"NORMAL"	"UNIQUE"	"VALID"	"VISIBLE"	"NO"	1	"SPL_ID"	"ASC"	""	2	1076	165063	1	1	145189	165063	165063	02-AUG-26
"SUM_SPL_ROUTE"	"PK_SUMSPLROUTE"	"NORMAL"	"UNIQUE"	"VALID"	"VISIBLE"	"NO"	2	"NCIT_ROUTE_OF_ADMIN_CODE"	"ASC"	""	2	1076	165063	1	1	145189	165063	165063	02-AUG-26
"SYS140498_IX_SPLPRO_PATH_TABLE"	"SYS140498_IX_SPLPRO_PIKEY_IX"	"NORMAL"	"NONUNIQUE"	"VALID"	"VISIBLE"	"NO"	1	"RID"	"ASC"	""	3	155520	21444720	1	1	4048480	21444720	1072236	18-JUL-26
"SYS140498_IX_SPLPRO_PATH_TABLE"	"SYS140498_IX_SPLPRO_PIKEY_IX"	"NORMAL"	"NONUNIQUE"	"VALID"	"VISIBLE"	"NO"	2	"PATHID"	"ASC"	""	3	155520	21444720	1	1	4048480	21444720	1072236	18-JUL-26
"SYS140498_IX_SPLPRO_PATH_TABLE"	"SYS140498_IX_SPLPRO_PIKEY_IX"	"NORMAL"	"NONUNIQUE"	"VALID"	"VISIBLE"	"NO"	3	"ORDER_KEY"	"ASC"	""	3	155520	21444720	1	1	4048480	21444720	1072236	18-JUL-26
"SYS140498_IX_SPLPRO_PATH_TABLE"	"SYS140498_IX_SPLPRO_VALUE_IX"	"FUNCTION-BASED NORMAL"	"NONUNIQUE"	"VALID"	"VISIBLE"	"NO"	1	"SYS_NC00006$"	"ASC"	"SUBSTRB(""VALUE"",1,1599)"	3	122780	26678	4	210	5611780	16464860	823243	18-JUL-26
"SYS140502_IX_SPLPRO_PATH_TABLE"	"SYS140502_IX_SPLPRO_PIKEY_IX"	"NORMAL"	"NONUNIQUE"	"VALID"	"VISIBLE"	"NO"	1	"RID"	"ASC"	""	2	22900	3169720	1	1	385160	3169720	158486	18-JUL-26
"SYS140502_IX_SPLPRO_PATH_TABLE"	"SYS140502_IX_SPLPRO_PIKEY_IX"	"NORMAL"	"NONUNIQUE"	"VALID"	"VISIBLE"	"NO"	2	"PATHID"	"ASC"	""	2	22900	3169720	1	1	385160	3169720	158486	18-JUL-26
"SYS140502_IX_SPLPRO_PATH_TABLE"	"SYS140502_IX_SPLPRO_PIKEY_IX"	"NORMAL"	"NONUNIQUE"	"VALID"	"VISIBLE"	"NO"	3	"ORDER_KEY"	"ASC"	""	2	22900	3169720	1	1	385160	3169720	158486	18-JUL-26
"SYS140502_IX_SPLPRO_PATH_TABLE"	"SYS140502_IX_SPLPRO_VALUE_IX"	"FUNCTION-BASED NORMAL"	"NONUNIQUE"	"VALID"	"VISIBLE"	"NO"	1	"SYS_NC00006$"	"ASC"	"SUBSTRB(""VALUE"",1,1599)"	2	8859	2703	3	160	432521	1642101	184992	18-JUL-26
"SYS140506_IX_SPLPRO_PATH_TABLE"	"SYS140506_IX_SPLPRO_PIKEY_IX"	"NORMAL"	"NONUNIQUE"	"VALID"	"VISIBLE"	"NO"	1	"RID"	"ASC"	""	2	37080	4664980	1	1	1081860	4664980	233249	18-JUL-26
"SYS140506_IX_SPLPRO_PATH_TABLE"	"SYS140506_IX_SPLPRO_PIKEY_IX"	"NORMAL"	"NONUNIQUE"	"VALID"	"VISIBLE"	"NO"	2	"PATHID"	"ASC"	""	2	37080	4664980	1	1	1081860	4664980	233249	18-JUL-26
"SYS140506_IX_SPLPRO_PATH_TABLE"	"SYS140506_IX_SPLPRO_PIKEY_IX"	"NORMAL"	"NONUNIQUE"	"VALID"	"VISIBLE"	"NO"	3	"ORDER_KEY"	"ASC"	""	2	37080	4664980	1	1	1081860	4664980	233249	18-JUL-26
"SYS140506_IX_SPLPRO_PATH_TABLE"	"SYS140506_IX_SPLPRO_VALUE_IX"	"FUNCTION-BASED NORMAL"	"NONUNIQUE"	"VALID"	"VISIBLE"	"NO"	1	"SYS_NC00006$"	"ASC"	"SUBSTRB(""VALUE"",1,1599)"	2	22440	6137	3	167	1028640	3336280	166814	18-JUL-26
"SYS140510_IX_SPLPRO_PATH_TABLE"	"SYS140510_IX_SPLPRO_PIKEY_IX"	"NORMAL"	"NONUNIQUE"	"VALID"	"VISIBLE"	"NO"	1	"RID"	"ASC"	""	2	13869	1882740	1	1	228972	1882740	151361	18-JUL-26
"SYS140510_IX_SPLPRO_PATH_TABLE"	"SYS140510_IX_SPLPRO_PIKEY_IX"	"NORMAL"	"NONUNIQUE"	"VALID"	"VISIBLE"	"NO"	2	"PATHID"	"ASC"	""	2	13869	1882740	1	1	228972	1882740	151361	18-JUL-26
"SYS140510_IX_SPLPRO_PATH_TABLE"	"SYS140510_IX_SPLPRO_PIKEY_IX"	"NORMAL"	"NONUNIQUE"	"VALID"	"VISIBLE"	"NO"	3	"ORDER_KEY"	"ASC"	""	2	13869	1882740	1	1	228972	1882740	151361	18-JUL-26
"SYS140510_IX_SPLPRO_PATH_TABLE"	"SYS140510_IX_SPLPRO_VALUE_IX"	"FUNCTION-BASED NORMAL"	"NONUNIQUE"	"VALID"	"VISIBLE"	"NO"	1	"SYS_NC00006$"	"ASC"	"SUBSTRB(""VALUE"",1,1599)"	2	5991	111	53	1400	155450	1015826	187188	18-JUL-26
"SYS140514_IX_SPLPRO_PATH_TABLE"	"SYS140514_IX_SPLPRO_PIKEY_IX"	"NORMAL"	"NONUNIQUE"	"VALID"	"VISIBLE"	"NO"	1	"RID"	"ASC"	""	2	2551	377771	1	1	128550	377771	155320	18-JUL-26
"SYS140514_IX_SPLPRO_PATH_TABLE"	"SYS140514_IX_SPLPRO_PIKEY_IX"	"NORMAL"	"NONUNIQUE"	"VALID"	"VISIBLE"	"NO"	2	"PATHID"	"ASC"	""	2	2551	377771	1	1	128550	377771	155320	18-JUL-26
"SYS140514_IX_SPLPRO_PATH_TABLE"	"SYS140514_IX_SPLPRO_PIKEY_IX"	"NORMAL"	"NONUNIQUE"	"VALID"	"VISIBLE"	"NO"	3	"ORDER_KEY"	"ASC"	""	2	2551	377771	1	1	128550	377771	155320	18-JUL-26
"SYS140514_IX_SPLPRO_PATH_TABLE"	"SYS140514_IX_SPLPRO_VALUE_IX"	"FUNCTION-BASED NORMAL"	"NONUNIQUE"	"VALID"	"VISIBLE"	"NO"	1	"SYS_NC00006$"	"ASC"	"SUBSTRB(""VALUE"",1,1599)"	2	998	107	9	31	3340	194414	194414	18-JUL-26
"SYS140518_IX_SPLPRO_PATH_TABLE"	"SYS140518_IX_SPLPRO_PIKEY_IX"	"NORMAL"	"NONUNIQUE"	"VALID"	"VISIBLE"	"NO"	1	"RID"	"ASC"	""	2	2590	382260	1	1	129560	382260	164588	18-JUL-26
"SYS140518_IX_SPLPRO_PATH_TABLE"	"SYS140518_IX_SPLPRO_PIKEY_IX"	"NORMAL"	"NONUNIQUE"	"VALID"	"VISIBLE"	"NO"	2	"PATHID"	"ASC"	""	2	2590	382260	1	1	129560	382260	164588	18-JUL-26
"SYS140518_IX_SPLPRO_PATH_TABLE"	"SYS140518_IX_SPLPRO_PIKEY_IX"	"NORMAL"	"NONUNIQUE"	"VALID"	"VISIBLE"	"NO"	3	"ORDER_KEY"	"ASC"	""	2	2590	382260	1	1	129560	382260	164588	18-JUL-26
"SYS140518_IX_SPLPRO_PATH_TABLE"	"SYS140518_IX_SPLPRO_VALUE_IX"	"FUNCTION-BASED NORMAL"	"NONUNIQUE"	"VALID"	"VISIBLE"	"NO"	1	"SYS_NC00006$"	"ASC"	"SUBSTRB(""VALUE"",1,1599)"	2	985	1	985	2552	2552	193109	193109	18-JUL-26
"SYS140522_IX_SPLPRO_PATH_TABLE"	"SYS140522_IX_SPLPRO_PIKEY_IX"	"NORMAL"	"NONUNIQUE"	"VALID"	"VISIBLE"	"NO"	1	"RID"	"ASC"	""	2	16150	2294318	1	1	281928	2294318	151724	18-JUL-26
"SYS140522_IX_SPLPRO_PATH_TABLE"	"SYS140522_IX_SPLPRO_PIKEY_IX"	"NORMAL"	"NONUNIQUE"	"VALID"	"VISIBLE"	"NO"	2	"PATHID"	"ASC"	""	2	16150	2294318	1	1	281928	2294318	151724	18-JUL-26
"SYS140522_IX_SPLPRO_PATH_TABLE"	"SYS140522_IX_SPLPRO_PIKEY_IX"	"NORMAL"	"NONUNIQUE"	"VALID"	"VISIBLE"	"NO"	3	"ORDER_KEY"	"ASC"	""	2	16150	2294318	1	1	281928	2294318	151724	18-JUL-26
"SYS140522_IX_SPLPRO_PATH_TABLE"	"SYS140522_IX_SPLPRO_VALUE_IX"	"FUNCTION-BASED NORMAL"	"NONUNIQUE"	"VALID"	"VISIBLE"	"NO"	1	"SYS_NC00006$"	"ASC"	"SUBSTRB(""VALUE"",1,1599)"	2	5834	3998	1	62	249237	1179516	226432	18-JUL-26
"SYS140526_IX_SPLPRO_PATH_TABLE"	"SYS140526_IX_SPLPRO_PIKEY_IX"	"NORMAL"	"NONUNIQUE"	"VALID"	"VISIBLE"	"NO"	1	"RID"	"ASC"	""	3	110940	13996220	1	1	5029260	13996220	699811	18-JUL-26
"SYS140526_IX_SPLPRO_PATH_TABLE"	"SYS140526_IX_SPLPRO_PIKEY_IX"	"NORMAL"	"NONUNIQUE"	"VALID"	"VISIBLE"	"NO"	2	"PATHID"	"ASC"	""	3	110940	13996220	1	1	5029260	13996220	699811	18-JUL-26
"SYS140526_IX_SPLPRO_PATH_TABLE"	"SYS140526_IX_SPLPRO_PIKEY_IX"	"NORMAL"	"NONUNIQUE"	"VALID"	"VISIBLE"	"NO"	3	"ORDER_KEY"	"ASC"	""	3	110940	13996220	1	1	5029260	13996220	699811	18-JUL-26
"SYS140526_IX_SPLPRO_PATH_TABLE"	"SYS140526_IX_SPLPRO_VALUE_IX"	"FUNCTION-BASED NORMAL"	"NONUNIQUE"	"VALID"	"VISIBLE"	"NO"	1	"SYS_NC00006$"	"ASC"	"SUBSTRB(""VALUE"",1,1599)"	3	49040	27011	1	102	2766160	7824460	391223	18-JUL-26
"SYS140530_IX_SPLPRO_PATH_TABLE"	"SYS140530_IX_SPLPRO_PIKEY_IX"	"NORMAL"	"NONUNIQUE"	"VALID"	"VISIBLE"	"NO"	1	"RID"	"ASC"	""	2	2650	392112	1	1	133464	392112	168830	18-JUL-26
"SYS140530_IX_SPLPRO_PATH_TABLE"	"SYS140530_IX_SPLPRO_PIKEY_IX"	"NORMAL"	"NONUNIQUE"	"VALID"	"VISIBLE"	"NO"	2	"PATHID"	"ASC"	""	2	2650	392112	1	1	133464	392112	168830	18-JUL-26
"SYS140530_IX_SPLPRO_PATH_TABLE"	"SYS140530_IX_SPLPRO_PIKEY_IX"	"NORMAL"	"NONUNIQUE"	"VALID"	"VISIBLE"	"NO"	3	"ORDER_KEY"	"ASC"	""	2	2650	392112	1	1	133464	392112	168830	18-JUL-26
"SYS140530_IX_SPLPRO_PATH_TABLE"	"SYS140530_IX_SPLPRO_VALUE_IX"	"FUNCTION-BASED NORMAL"	"NONUNIQUE"	"VALID"	"VISIBLE"	"NO"	1	"SYS_NC00006$"	"ASC"	"SUBSTRB(""VALUE"",1,1599)"	2	987	1	987	2550	2550	193109	193109	18-JUL-26
"SYS140548_IX_SPL_SP_PATH_TABLE"	"SYS140548_IX_SPL_SP_PIKEY_IX"	"NORMAL"	"NONUNIQUE"	"VALID"	"VISIBLE"	"NO"	1	"RID"	"ASC"	""	3	1402300	225342840	1	1	78810340	225342840	11267142	04-JUL-26
"SYS140548_IX_SPL_SP_PATH_TABLE"	"SYS140548_IX_SPL_SP_PIKEY_IX"	"NORMAL"	"NONUNIQUE"	"VALID"	"VISIBLE"	"NO"	2	"PATHID"	"ASC"	""	3	1402300	225342840	1	1	78810340	225342840	11267142	04-JUL-26
"SYS140548_IX_SPL_SP_PATH_TABLE"	"SYS140548_IX_SPL_SP_PIKEY_IX"	"NORMAL"	"NONUNIQUE"	"VALID"	"VISIBLE"	"NO"	3	"ORDER_KEY"	"ASC"	""	3	1402300	225342840	1	1	78810340	225342840	11267142	04-JUL-26
"SYS140548_IX_SPL_SP_PATH_TABLE"	"SYS140548_IX_SPL_SP_VALUE_IX"	"FUNCTION-BASED NORMAL"	"NONUNIQUE"	"VALID"	"VISIBLE"	"NO"	1	"SYS_NC00006$"	"ASC"	"SUBSTRB(""VALUE"",1,1599)"	6	2116860	1661277	1	59	98905440	178753180	8937659	04-JUL-26
"SYS140627_IX_PRODIN_PATH_TABLE"	"SYS140627_IX_PRODIN_PIKEY_IX"	"NORMAL"	"NONUNIQUE"	"VALID"	"VISIBLE"	"NO"	1	"RID"	"ASC"	""	2	43940	6057680	1	1	458860	6057680	302884	13-JUN-26
"SYS140627_IX_PRODIN_PATH_TABLE"	"SYS140627_IX_PRODIN_PIKEY_IX"	"NORMAL"	"NONUNIQUE"	"VALID"	"VISIBLE"	"NO"	2	"PATHID"	"ASC"	""	2	43940	6057680	1	1	458860	6057680	302884	13-JUN-26
"SYS140627_IX_PRODIN_PATH_TABLE"	"SYS140627_IX_PRODIN_PIKEY_IX"	"NORMAL"	"NONUNIQUE"	"VALID"	"VISIBLE"	"NO"	3	"ORDER_KEY"	"ASC"	""	2	43940	6057680	1	1	458860	6057680	302884	13-JUN-26
"SYS140627_IX_PRODIN_PATH_TABLE"	"SYS140627_IX_PRODIN_VALUE_IX"	"FUNCTION-BASED NORMAL"	"NONUNIQUE"	"VALID"	"VISIBLE"	"NO"	1	"SYS_NC00006$"	"ASC"	"SUBSTRB(""VALUE"",1,1599)"	2	29040	5532	5	154	857260	4342140	217107	13-JUN-26
"SYS140631_IX_PRODIN_PATH_TABLE"	"SYS140631_IX_PRODIN_PIKEY_IX"	"NORMAL"	"NONUNIQUE"	"VALID"	"VISIBLE"	"NO"	1	"RID"	"ASC"	""	2	28400	3969040	1	1	303500	3969040	198452	13-JUN-26
"SYS140631_IX_PRODIN_PATH_TABLE"	"SYS140631_IX_PRODIN_PIKEY_IX"	"NORMAL"	"NONUNIQUE"	"VALID"	"VISIBLE"	"NO"	2	"PATHID"	"ASC"	""	2	28400	3969040	1	1	303500	3969040	198452	13-JUN-26
"SYS140631_IX_PRODIN_PATH_TABLE"	"SYS140631_IX_PRODIN_PIKEY_IX"	"NORMAL"	"NONUNIQUE"	"VALID"	"VISIBLE"	"NO"	3	"ORDER_KEY"	"ASC"	""	2	28400	3969040	1	1	303500	3969040	198452	13-JUN-26
"SYS140631_IX_PRODIN_PATH_TABLE"	"SYS140631_IX_PRODIN_VALUE_IX"	"FUNCTION-BASED NORMAL"	"NONUNIQUE"	"VALID"	"VISIBLE"	"NO"	1	"SYS_NC00006$"	"ASC"	"SUBSTRB(""VALUE"",1,1599)"	2	13844	1	13844	39829	39829	2115319	170059	13-JUN-26
"SYS151600_IX_SPL_SP_PATH_TABLE"	"SYS151600_IX_SPL_SP_PIKEY_IX"	"NORMAL"	"NONUNIQUE"	"VALID"	"VISIBLE"	"NO"	1	"RID"	"ASC"	""	0	0	0	0	0	0	0	0	13-OCT-22
"SYS151600_IX_SPL_SP_PATH_TABLE"	"SYS151600_IX_SPL_SP_PIKEY_IX"	"NORMAL"	"NONUNIQUE"	"VALID"	"VISIBLE"	"NO"	2	"PATHID"	"ASC"	""	0	0	0	0	0	0	0	0	13-OCT-22
"SYS151600_IX_SPL_SP_PATH_TABLE"	"SYS151600_IX_SPL_SP_PIKEY_IX"	"NORMAL"	"NONUNIQUE"	"VALID"	"VISIBLE"	"NO"	3	"ORDER_KEY"	"ASC"	""	0	0	0	0	0	0	0	0	13-OCT-22
"SYS151600_IX_SPL_SP_PATH_TABLE"	"SYS151600_IX_SPL_SP_VALUE_IX"	"FUNCTION-BASED NORMAL"	"NONUNIQUE"	"VALID"	"VISIBLE"	"NO"	1	"SYS_NC00006$"	"ASC"	"SUBSTRB(""VALUE"",1,1599)"	0	0	0	0	0	0	0	0	13-OCT-22
"SYS192465_IX_SPLPRO_PATH_TABLE"	"SYS192465_IX_SPLPRO_PIKEY_IX"	"NORMAL"	"NONUNIQUE"	"VALID"	"VISIBLE"	"NO"	1	"RID"	"ASC"	""	0	0	0	0	0	0	0	0	13-OCT-22
"SYS192465_IX_SPLPRO_PATH_TABLE"	"SYS192465_IX_SPLPRO_PIKEY_IX"	"NORMAL"	"NONUNIQUE"	"VALID"	"VISIBLE"	"NO"	2	"PATHID"	"ASC"	""	0	0	0	0	0	0	0	0	13-OCT-22
"SYS192465_IX_SPLPRO_PATH_TABLE"	"SYS192465_IX_SPLPRO_PIKEY_IX"	"NORMAL"	"NONUNIQUE"	"VALID"	"VISIBLE"	"NO"	3	"ORDER_KEY"	"ASC"	""	0	0	0	0	0	0	0	0	13-OCT-22
"SYS192465_IX_SPLPRO_PATH_TABLE"	"SYS192465_IX_SPLPRO_VALUE_IX"	"FUNCTION-BASED NORMAL"	"NONUNIQUE"	"VALID"	"VISIBLE"	"NO"	1	"SYS_NC00006$"	"ASC"	"SUBSTRB(""VALUE"",1,1599)"	0	0	0	0	0	0	0	0	13-OCT-22
"SYS192469_IX_SPLPRO_PATH_TABLE"	"SYS192469_IX_SPLPRO_PIKEY_IX"	"NORMAL"	"NONUNIQUE"	"VALID"	"VISIBLE"	"NO"	1	"RID"	"ASC"	""	0	0	0	0	0	0	0	0	13-OCT-22
"SYS192469_IX_SPLPRO_PATH_TABLE"	"SYS192469_IX_SPLPRO_PIKEY_IX"	"NORMAL"	"NONUNIQUE"	"VALID"	"VISIBLE"	"NO"	2	"PATHID"	"ASC"	""	0	0	0	0	0	0	0	0	13-OCT-22
"SYS192469_IX_SPLPRO_PATH_TABLE"	"SYS192469_IX_SPLPRO_PIKEY_IX"	"NORMAL"	"NONUNIQUE"	"VALID"	"VISIBLE"	"NO"	3	"ORDER_KEY"	"ASC"	""	0	0	0	0	0	0	0	0	13-OCT-22
"SYS192469_IX_SPLPRO_PATH_TABLE"	"SYS192469_IX_SPLPRO_VALUE_IX"	"FUNCTION-BASED NORMAL"	"NONUNIQUE"	"VALID"	"VISIBLE"	"NO"	1	"SYS_NC00006$"	"ASC"	"SUBSTRB(""VALUE"",1,1599)"	0	0	0	0	0	0	0	0	13-OCT-22
"SYS192473_IX_SPLPRO_PATH_TABLE"	"SYS192473_IX_SPLPRO_PIKEY_IX"	"NORMAL"	"NONUNIQUE"	"VALID"	"VISIBLE"	"NO"	1	"RID"	"ASC"	""	0	0	0	0	0	0	0	0	13-OCT-22
"SYS192473_IX_SPLPRO_PATH_TABLE"	"SYS192473_IX_SPLPRO_PIKEY_IX"	"NORMAL"	"NONUNIQUE"	"VALID"	"VISIBLE"	"NO"	2	"PATHID"	"ASC"	""	0	0	0	0	0	0	0	0	13-OCT-22
"SYS192473_IX_SPLPRO_PATH_TABLE"	"SYS192473_IX_SPLPRO_PIKEY_IX"	"NORMAL"	"NONUNIQUE"	"VALID"	"VISIBLE"	"NO"	3	"ORDER_KEY"	"ASC"	""	0	0	0	0	0	0	0	0	13-OCT-22
"SYS192473_IX_SPLPRO_PATH_TABLE"	"SYS192473_IX_SPLPRO_VALUE_IX"	"FUNCTION-BASED NORMAL"	"NONUNIQUE"	"VALID"	"VISIBLE"	"NO"	1	"SYS_NC00006$"	"ASC"	"SUBSTRB(""VALUE"",1,1599)"	0	0	0	0	0	0	0	0	13-OCT-22
"SYS192477_IX_SPLPRO_PATH_TABLE"	"SYS192477_IX_SPLPRO_PIKEY_IX"	"NORMAL"	"NONUNIQUE"	"VALID"	"VISIBLE"	"NO"	1	"RID"	"ASC"	""	0	0	0	0	0	0	0	0	13-OCT-22
"SYS192477_IX_SPLPRO_PATH_TABLE"	"SYS192477_IX_SPLPRO_PIKEY_IX"	"NORMAL"	"NONUNIQUE"	"VALID"	"VISIBLE"	"NO"	2	"PATHID"	"ASC"	""	0	0	0	0	0	0	0	0	13-OCT-22
"SYS192477_IX_SPLPRO_PATH_TABLE"	"SYS192477_IX_SPLPRO_PIKEY_IX"	"NORMAL"	"NONUNIQUE"	"VALID"	"VISIBLE"	"NO"	3	"ORDER_KEY"	"ASC"	""	0	0	0	0	0	0	0	0	13-OCT-22
"SYS192477_IX_SPLPRO_PATH_TABLE"	"SYS192477_IX_SPLPRO_VALUE_IX"	"FUNCTION-BASED NORMAL"	"NONUNIQUE"	"VALID"	"VISIBLE"	"NO"	1	"SYS_NC00006$"	"ASC"	"SUBSTRB(""VALUE"",1,1599)"	0	0	0	0	0	0	0	0	13-OCT-22
"SYS192481_IX_SPLPRO_PATH_TABLE"	"SYS192481_IX_SPLPRO_PIKEY_IX"	"NORMAL"	"NONUNIQUE"	"VALID"	"VISIBLE"	"NO"	1	"RID"	"ASC"	""	0	0	0	0	0	0	0	0	13-OCT-22
"SYS192481_IX_SPLPRO_PATH_TABLE"	"SYS192481_IX_SPLPRO_PIKEY_IX"	"NORMAL"	"NONUNIQUE"	"VALID"	"VISIBLE"	"NO"	2	"PATHID"	"ASC"	""	0	0	0	0	0	0	0	0	13-OCT-22
"SYS192481_IX_SPLPRO_PATH_TABLE"	"SYS192481_IX_SPLPRO_PIKEY_IX"	"NORMAL"	"NONUNIQUE"	"VALID"	"VISIBLE"	"NO"	3	"ORDER_KEY"	"ASC"	""	0	0	0	0	0	0	0	0	13-OCT-22
"SYS192481_IX_SPLPRO_PATH_TABLE"	"SYS192481_IX_SPLPRO_VALUE_IX"	"FUNCTION-BASED NORMAL"	"NONUNIQUE"	"VALID"	"VISIBLE"	"NO"	1	"SYS_NC00006$"	"ASC"	"SUBSTRB(""VALUE"",1,1599)"	0	0	0	0	0	0	0	0	13-OCT-22
"SYS192485_IX_SPLPRO_PATH_TABLE"	"SYS192485_IX_SPLPRO_PIKEY_IX"	"NORMAL"	"NONUNIQUE"	"VALID"	"VISIBLE"	"NO"	1	"RID"	"ASC"	""	0	0	0	0	0	0	0	0	13-OCT-22
"SYS192485_IX_SPLPRO_PATH_TABLE"	"SYS192485_IX_SPLPRO_PIKEY_IX"	"NORMAL"	"NONUNIQUE"	"VALID"	"VISIBLE"	"NO"	2	"PATHID"	"ASC"	""	0	0	0	0	0	0	0	0	13-OCT-22
"SYS192485_IX_SPLPRO_PATH_TABLE"	"SYS192485_IX_SPLPRO_PIKEY_IX"	"NORMAL"	"NONUNIQUE"	"VALID"	"VISIBLE"	"NO"	3	"ORDER_KEY"	"ASC"	""	0	0	0	0	0	0	0	0	13-OCT-22
"SYS192485_IX_SPLPRO_PATH_TABLE"	"SYS192485_IX_SPLPRO_VALUE_IX"	"FUNCTION-BASED NORMAL"	"NONUNIQUE"	"VALID"	"VISIBLE"	"NO"	1	"SYS_NC00006$"	"ASC"	"SUBSTRB(""VALUE"",1,1599)"	0	0	0	0	0	0	0	0	13-OCT-22
"SYS192489_IX_SPLPRO_PATH_TABLE"	"SYS192489_IX_SPLPRO_PIKEY_IX"	"NORMAL"	"NONUNIQUE"	"VALID"	"VISIBLE"	"NO"	1	"RID"	"ASC"	""	0	0	0	0	0	0	0	0	13-OCT-22
"SYS192489_IX_SPLPRO_PATH_TABLE"	"SYS192489_IX_SPLPRO_PIKEY_IX"	"NORMAL"	"NONUNIQUE"	"VALID"	"VISIBLE"	"NO"	2	"PATHID"	"ASC"	""	0	0	0	0	0	0	0	0	13-OCT-22
"SYS192489_IX_SPLPRO_PATH_TABLE"	"SYS192489_IX_SPLPRO_PIKEY_IX"	"NORMAL"	"NONUNIQUE"	"VALID"	"VISIBLE"	"NO"	3	"ORDER_KEY"	"ASC"	""	0	0	0	0	0	0	0	0	13-OCT-22
"SYS192489_IX_SPLPRO_PATH_TABLE"	"SYS192489_IX_SPLPRO_VALUE_IX"	"FUNCTION-BASED NORMAL"	"NONUNIQUE"	"VALID"	"VISIBLE"	"NO"	1	"SYS_NC00006$"	"ASC"	"SUBSTRB(""VALUE"",1,1599)"	0	0	0	0	0	0	0	0	13-OCT-22
"SYS192493_IX_SPLPRO_PATH_TABLE"	"SYS192493_IX_SPLPRO_PIKEY_IX"	"NORMAL"	"NONUNIQUE"	"VALID"	"VISIBLE"	"NO"	1	"RID"	"ASC"	""	0	0	0	0	0	0	0	0	13-OCT-22
"SYS192493_IX_SPLPRO_PATH_TABLE"	"SYS192493_IX_SPLPRO_PIKEY_IX"	"NORMAL"	"NONUNIQUE"	"VALID"	"VISIBLE"	"NO"	2	"PATHID"	"ASC"	""	0	0	0	0	0	0	0	0	13-OCT-22
"SYS192493_IX_SPLPRO_PATH_TABLE"	"SYS192493_IX_SPLPRO_PIKEY_IX"	"NORMAL"	"NONUNIQUE"	"VALID"	"VISIBLE"	"NO"	3	"ORDER_KEY"	"ASC"	""	0	0	0	0	0	0	0	0	13-OCT-22
"SYS192493_IX_SPLPRO_PATH_TABLE"	"SYS192493_IX_SPLPRO_VALUE_IX"	"FUNCTION-BASED NORMAL"	"NONUNIQUE"	"VALID"	"VISIBLE"	"NO"	1	"SYS_NC00006$"	"ASC"	"SUBSTRB(""VALUE"",1,1599)"	0	0	0	0	0	0	0	0	13-OCT-22
"SYS192497_IX_SPLPRO_PATH_TABLE"	"SYS192497_IX_SPLPRO_PIKEY_IX"	"NORMAL"	"NONUNIQUE"	"VALID"	"VISIBLE"	"NO"	1	"RID"	"ASC"	""	0	0	0	0	0	0	0	0	13-OCT-22
"SYS192497_IX_SPLPRO_PATH_TABLE"	"SYS192497_IX_SPLPRO_PIKEY_IX"	"NORMAL"	"NONUNIQUE"	"VALID"	"VISIBLE"	"NO"	2	"PATHID"	"ASC"	""	0	0	0	0	0	0	0	0	13-OCT-22
"SYS192497_IX_SPLPRO_PATH_TABLE"	"SYS192497_IX_SPLPRO_PIKEY_IX"	"NORMAL"	"NONUNIQUE"	"VALID"	"VISIBLE"	"NO"	3	"ORDER_KEY"	"ASC"	""	0	0	0	0	0	0	0	0	13-OCT-22
"SYS192497_IX_SPLPRO_PATH_TABLE"	"SYS192497_IX_SPLPRO_VALUE_IX"	"FUNCTION-BASED NORMAL"	"NONUNIQUE"	"VALID"	"VISIBLE"	"NO"	1	"SYS_NC00006$"	"ASC"	"SUBSTRB(""VALUE"",1,1599)"	0	0	0	0	0	0	0	0	13-OCT-22
"SYS201414_IX_PRODIN_PATH_TABLE"	"SYS201414_IX_PRODIN_PIKEY_IX"	"NORMAL"	"NONUNIQUE"	"VALID"	"VISIBLE"	"NO"	1	"RID"	"ASC"	""	0	0	0	0	0	0	0	0	13-OCT-22
"SYS201414_IX_PRODIN_PATH_TABLE"	"SYS201414_IX_PRODIN_PIKEY_IX"	"NORMAL"	"NONUNIQUE"	"VALID"	"VISIBLE"	"NO"	2	"PATHID"	"ASC"	""	0	0	0	0	0	0	0	0	13-OCT-22
"SYS201414_IX_PRODIN_PATH_TABLE"	"SYS201414_IX_PRODIN_PIKEY_IX"	"NORMAL"	"NONUNIQUE"	"VALID"	"VISIBLE"	"NO"	3	"ORDER_KEY"	"ASC"	""	0	0	0	0	0	0	0	0	13-OCT-22
"SYS201414_IX_PRODIN_PATH_TABLE"	"SYS201414_IX_PRODIN_VALUE_IX"	"FUNCTION-BASED NORMAL"	"NONUNIQUE"	"VALID"	"VISIBLE"	"NO"	1	"SYS_NC00006$"	"ASC"	"SUBSTRB(""VALUE"",1,1599)"	0	0	0	0	0	0	0	0	13-OCT-22
"SYS201418_IX_PRODIN_PATH_TABLE"	"SYS201418_IX_PRODIN_PIKEY_IX"	"NORMAL"	"NONUNIQUE"	"VALID"	"VISIBLE"	"NO"	1	"RID"	"ASC"	""	0	0	0	0	0	0	0	0	13-OCT-22
"SYS201418_IX_PRODIN_PATH_TABLE"	"SYS201418_IX_PRODIN_PIKEY_IX"	"NORMAL"	"NONUNIQUE"	"VALID"	"VISIBLE"	"NO"	2	"PATHID"	"ASC"	""	0	0	0	0	0	0	0	0	13-OCT-22
"SYS201418_IX_PRODIN_PATH_TABLE"	"SYS201418_IX_PRODIN_PIKEY_IX"	"NORMAL"	"NONUNIQUE"	"VALID"	"VISIBLE"	"NO"	3	"ORDER_KEY"	"ASC"	""	0	0	0	0	0	0	0	0	13-OCT-22
"SYS201418_IX_PRODIN_PATH_TABLE"	"SYS201418_IX_PRODIN_VALUE_IX"	"FUNCTION-BASED NORMAL"	"NONUNIQUE"	"VALID"	"VISIBLE"	"NO"	1	"SYS_NC00006$"	"ASC"	"SUBSTRB(""VALUE"",1,1599)"	0	0	0	0	0	0	0	0	13-OCT-22
"UNII_CHEM_STRUCT"	"PK_UNIICHEMSTRUCT"	"NORMAL"	"UNIQUE"	"VALID"	"VISIBLE"	"NO"	1	"UNII"	"ASC"	""	1	23	6077	1	1	1178	6077	6077	02-AUG-26
"USER_AUTHORITY"	"IX_AUTHS_USERNAME"	"NORMAL"	"UNIQUE"	"VALID"	"VISIBLE"	"NO"	1	"USERNAME"	"ASC"	""	0	1	195	1	1	1	195	195	13-OCT-22
"USER_AUTHORITY"	"IX_AUTHS_USERNAME"	"NORMAL"	"UNIQUE"	"VALID"	"VISIBLE"	"NO"	2	"AUTHORITY"	"ASC"	""	0	1	195	1	1	1	195	195	13-OCT-22
